date,month_name,month,year,quarter,day_of_week
2024-01-01,January,1,2024,1,Monday
2024-01-02,January,1,2024,1,Tuesday
2024-01-03,January,1,2024,1,Wednesday
2024-01-04,January,1,2024,1,Thursday
2024-01-05,January,1,2024,1,Friday
2024-01-06,January,1,2024,1,Saturday
2024-01-07,January,1,2024,1,Sunday
2024-01-08,January,1,2024,1,Monday
2024-01-09,January,1,2024,1,Tuesday
2024-01-10,January,1,2024,1,Wednesday
2024-01-11,January,1,2024,1,Thursday
2024-01-12,January,1,2024,1,Friday
2024-01-13,January,1,2024,1,Saturday
2024-01-14,January,1,2024,1,Sunday
2024-01-15,January,1,2024,1,Monday
2024-01-16,January,1,2024,1,Tuesday
2024-01-17,January,1,2024,1,Wednesday
2024-01-18,January,1,2024,1,Thursday
2024-01-19,January,1,2024,1,Friday
2024-01-20,January,1,2024,1,Saturday
2024-01-21,January,1,2024,1,Sunday
2024-01-22,January,1,2024,1,Monday
2024-01-23,January,1,2024,1,Tuesday
2024-01-24,January,1,2024,1,Wednesday
2024-01-25,January,1,2024,1,Thursday
2024-01-26,January,1,2024,1,Friday
2024-01-27,January,1,2024,1,Saturday
2024-01-28,January,1,2024,1,Sunday
2024-01-29,January,1,2024,1,Monday
2024-01-30,January,1,2024,1,Tuesday
2024-01-31,January,1,2024,1,Wednesday
2024-02-01,February,2,2024,1,Thursday
2024-02-02,February,2,2024,1,Friday
2024-02-03,February,2,2024,1,Saturday
2024-02-04,February,2,2024,1,Sunday
2024-02-05,February,2,2024,1,Monday
2024-02-06,February,2,2024,1,Tuesday
2024-02-07,February,2,2024,1,Wednesday
2024-02-08,February,2,2024,1,Thursday
2024-02-09,February,2,2024,1,Friday
2024-02-10,February,2,2024,1,Saturday
2024-02-11,February,2,2024,1,Sunday
2024-02-12,February,2,2024,1,Monday
2024-02-13,February,2,2024,1,Tuesday
2024-02-14,February,2,2024,1,Wednesday
2024-02-15,February,2,2024,1,Thursday
2024-02-16,February,2,2024,1,Friday
2024-02-17,February,2,2024,1,Saturday
2024-02-18,February,2,2024,1,Sunday
2024-02-19,February,2,2024,1,Monday
2024-02-20,February,2,2024,1,Tuesday
2024-02-21,February,2,2024,1,Wednesday
2024-02-22,February,2,2024,1,Thursday
2024-02-23,February,2,2024,1,Friday
2024-02-24,February,2,2024,1,Saturday
2024-02-25,February,2,2024,1,Sunday
2024-02-26,February,2,2024,1,Monday
2024-02-27,February,2,2024,1,Tuesday
2024-02-28,February,2,2024,1,Wednesday
2024-02-29,February,2,2024,1,Thursday
2024-03-01,March,3,2024,1,Friday
2024-03-02,March,3,2024,1,Saturday
2024-03-03,March,3,2024,1,Sunday
2024-03-04,March,3,2024,1,Monday
2024-03-05,March,3,2024,1,Tuesday
2024-03-06,March,3,2024,1,Wednesday
2024-03-07,March,3,2024,1,Thursday
2024-03-08,March,3,2024,1,Friday
2024-03-09,March,3,2024,1,Saturday
2024-03-10,March,3,2024,1,Sunday
2024-03-11,March,3,2024,1,Monday
2024-03-12,March,3,2024,1,Tuesday
2024-03-13,March,3,2024,1,Wednesday
2024-03-14,March,3,2024,1,Thursday
2024-03-15,March,3,2024,1,Friday
2024-03-16,March,3,2024,1,Saturday
2024-03-17,March,3,2024,1,Sunday
2024-03-18,March,3,2024,1,Monday
2024-03-19,March,3,2024,1,Tuesday
2024-03-20,March,3,2024,1,Wednesday
2024-03-21,March,3,2024,1,Thursday
2024-03-22,March,3,2024,1,Friday
2024-03-23,March,3,2024,1,Saturday
2024-03-24,March,3,2024,1,Sunday
2024-03-25,March,3,2024,1,Monday
2024-03-26,March,3,2024,1,Tuesday
2024-03-27,March,3,2024,1,Wednesday
2024-03-28,March,3,2024,1,Thursday
2024-03-29,March,3,2024,1,Friday
2024-03-30,March,3,2024,1,Saturday
2024-03-31,March,3,2024,1,Sunday
2024-04-01,April,4,2024,2,Monday
2024-04-02,April,4,2024,2,Tuesday
2024-04-03,April,4,2024,2,Wednesday
2024-04-04,April,4,2024,2,Thursday
2024-04-05,April,4,2024,2,Friday
2024-04-06,April,4,2024,2,Saturday
2024-04-07,April,4,2024,2,Sunday
2024-04-08,April,4,2024,2,Monday
2024-04-09,April,4,2024,2,Tuesday
2024-04-10,April,4,2024,2,Wednesday
2024-04-11,April,4,2024,2,Thursday
2024-04-12,April,4,2024,2,Friday
2024-04-13,April,4,2024,2,Saturday
2024-04-14,April,4,2024,2,Sunday
2024-04-15,April,4,2024,2,Monday
2024-04-16,April,4,2024,2,Tuesday
2024-04-17,April,4,2024,2,Wednesday
2024-04-18,April,4,2024,2,Thursday
2024-04-19,April,4,2024,2,Friday
2024-04-20,April,4,2024,2,Saturday
2024-04-21,April,4,2024,2,Sunday
2024-04-22,April,4,2024,2,Monday
2024-04-23,April,4,2024,2,Tuesday
2024-04-24,April,4,2024,2,Wednesday
2024-04-25,April,4,2024,2,Thursday
2024-04-26,April,4,2024,2,Friday
2024-04-27,April,4,2024,2,Saturday
2024-04-28,April,4,2024,2,Sunday
2024-04-29,April,4,2024,2,Monday
2024-04-30,April,4,2024,2,Tuesday
2024-05-01,May,5,2024,2,Wednesday
2024-05-02,May,5,2024,2,Thursday
2024-05-03,May,5,2024,2,Friday
2024-05-04,May,5,2024,2,Saturday
2024-05-05,May,5,2024,2,Sunday
2024-05-06,May,5,2024,2,Monday
2024-05-07,May,5,2024,2,Tuesday
2024-05-08,May,5,2024,2,Wednesday
2024-05-09,May,5,2024,2,Thursday
2024-05-10,May,5,2024,2,Friday
2024-05-11,May,5,2024,2,Saturday
2024-05-12,May,5,2024,2,Sunday
2024-05-13,May,5,2024,2,Monday
2024-05-14,May,5,2024,2,Tuesday
2024-05-15,May,5,2024,2,Wednesday
2024-05-16,May,5,2024,2,Thursday
2024-05-17,May,5,2024,2,Friday
2024-05-18,May,5,2024,2,Saturday
2024-05-19,May,5,2024,2,Sunday
2024-05-20,May,5,2024,2,Monday
2024-05-21,May,5,2024,2,Tuesday
2024-05-22,May,5,2024,2,Wednesday
2024-05-23,May,5,2024,2,Thursday
2024-05-24,May,5,2024,2,Friday
2024-05-25,May,5,2024,2,Saturday
2024-05-26,May,5,2024,2,Sunday
2024-05-27,May,5,2024,2,Monday
2024-05-28,May,5,2024,2,Tuesday
2024-05-29,May,5,2024,2,Wednesday
2024-05-30,May,5,2024,2,Thursday
2024-05-31,May,5,2024,2,Friday
2024-06-01,June,6,2024,2,Saturday
2024-06-02,June,6,2024,2,Sunday
2024-06-03,June,6,2024,2,Monday
2024-06-04,June,6,2024,2,Tuesday
2024-06-05,June,6,2024,2,Wednesday
2024-06-06,June,6,2024,2,Thursday
2024-06-07,June,6,2024,2,Friday
2024-06-08,June,6,2024,2,Saturday
2024-06-09,June,6,2024,2,Sunday
2024-06-10,June,6,2024,2,Monday
2024-06-11,June,6,2024,2,Tuesday
2024-06-12,June,6,2024,2,Wednesday
2024-06-13,June,6,2024,2,Thursday
2024-06-14,June,6,2024,2,Friday
2024-06-15,June,6,2024,2,Saturday
2024-06-16,June,6,2024,2,Sunday
2024-06-17,June,6,2024,2,Monday
2024-06-18,June,6,2024,2,Tuesday
2024-06-19,June,6,2024,2,Wednesday
2024-06-20,June,6,2024,2,Thursday
2024-06-21,June,6,2024,2,Friday
2024-06-22,June,6,2024,2,Saturday
2024-06-23,June,6,2024,2,Sunday
2024-06-24,June,6,2024,2,Monday
2024-06-25,June,6,2024,2,Tuesday
2024-06-26,June,6,2024,2,Wednesday
2024-06-27,June,6,2024,2,Thursday
2024-06-28,June,6,2024,2,Friday
2024-06-29,June,6,2024,2,Saturday
2024-06-30,June,6,2024,2,Sunday
2024-07-01,July,7,2024,3,Monday
2024-07-02,July,7,2024,3,Tuesday
2024-07-03,July,7,2024,3,Wednesday
2024-07-04,July,7,2024,3,Thursday
2024-07-05,July,7,2024,3,Friday
2024-07-06,July,7,2024,3,Saturday
2024-07-07,July,7,2024,3,Sunday
2024-07-08,July,7,2024,3,Monday
2024-07-09,July,7,2024,3,Tuesday
2024-07-10,July,7,2024,3,Wednesday
2024-07-11,July,7,2024,3,Thursday
2024-07-12,July,7,2024,3,Friday
2024-07-13,July,7,2024,3,Saturday
2024-07-14,July,7,2024,3,Sunday
2024-07-15,July,7,2024,3,Monday
2024-07-16,July,7,2024,3,Tuesday
2024-07-17,July,7,2024,3,Wednesday
2024-07-18,July,7,2024,3,Thursday
2024-07-19,July,7,2024,3,Friday
2024-07-20,July,7,2024,3,Saturday
2024-07-21,July,7,2024,3,Sunday
2024-07-22,July,7,2024,3,Monday
2024-07-23,July,7,2024,3,Tuesday
2024-07-24,July,7,2024,3,Wednesday
2024-07-25,July,7,2024,3,Thursday
2024-07-26,July,7,2024,3,Friday
2024-07-27,July,7,2024,3,Saturday
2024-07-28,July,7,2024,3,Sunday
2024-07-29,July,7,2024,3,Monday
2024-07-30,July,7,2024,3,Tuesday
2024-07-31,July,7,2024,3,Wednesday
2024-08-01,August,8,2024,3,Thursday
2024-08-02,August,8,2024,3,Friday
2024-08-03,August,8,2024,3,Saturday
2024-08-04,August,8,2024,3,Sunday
2024-08-05,August,8,2024,3,Monday
2024-08-06,August,8,2024,3,Tuesday
2024-08-07,August,8,2024,3,Wednesday
2024-08-08,August,8,2024,3,Thursday
2024-08-09,August,8,2024,3,Friday
2024-08-10,August,8,2024,3,Saturday
2024-08-11,August,8,2024,3,Sunday
2024-08-12,August,8,2024,3,Monday
2024-08-13,August,8,2024,3,Tuesday
2024-08-14,August,8,2024,3,Wednesday
2024-08-15,August,8,2024,3,Thursday
2024-08-16,August,8,2024,3,Friday
2024-08-17,August,8,2024,3,Saturday
2024-08-18,August,8,2024,3,Sunday
2024-08-19,August,8,2024,3,Monday
2024-08-20,August,8,2024,3,Tuesday
2024-08-21,August,8,2024,3,Wednesday
2024-08-22,August,8,2024,3,Thursday
2024-08-23,August,8,2024,3,Friday
2024-08-24,August,8,2024,3,Saturday
2024-08-25,August,8,2024,3,Sunday
2024-08-26,August,8,2024,3,Monday
2024-08-27,August,8,2024,3,Tuesday
2024-08-28,August,8,2024,3,Wednesday
2024-08-29,August,8,2024,3,Thursday
2024-08-30,August,8,2024,3,Friday
2024-08-31,August,8,2024,3,Saturday
2024-09-01,September,9,2024,3,Sunday
2024-09-02,September,9,2024,3,Monday
2024-09-03,September,9,2024,3,Tuesday
2024-09-04,September,9,2024,3,Wednesday
2024-09-05,September,9,2024,3,Thursday
2024-09-06,September,9,2024,3,Friday
2024-09-07,September,9,2024,3,Saturday
2024-09-08,September,9,2024,3,Sunday
2024-09-09,September,9,2024,3,Monday
2024-09-10,September,9,2024,3,Tuesday
2024-09-11,September,9,2024,3,Wednesday
2024-09-12,September,9,2024,3,Thursday
2024-09-13,September,9,2024,3,Friday
2024-09-14,September,9,2024,3,Saturday
2024-09-15,September,9,2024,3,Sunday
2024-09-16,September,9,2024,3,Monday
2024-09-17,September,9,2024,3,Tuesday
2024-09-18,September,9,2024,3,Wednesday
2024-09-19,September,9,2024,3,Thursday
2024-09-20,September,9,2024,3,Friday
2024-09-21,September,9,2024,3,Saturday
2024-09-22,September,9,2024,3,Sunday
2024-09-23,September,9,2024,3,Monday
2024-09-24,September,9,2024,3,Tuesday
2024-09-25,September,9,2024,3,Wednesday
2024-09-26,September,9,2024,3,Thursday
2024-09-27,September,9,2024,3,Friday
2024-09-28,September,9,2024,3,Saturday
2024-09-29,September,9,2024,3,Sunday
2024-09-30,September,9,2024,3,Monday
2024-10-01,October,10,2024,4,Tuesday
2024-10-02,October,10,2024,4,Wednesday
2024-10-03,October,10,2024,4,Thursday
2024-10-04,October,10,2024,4,Friday
2024-10-05,October,10,2024,4,Saturday
2024-10-06,October,10,2024,4,Sunday
2024-10-07,October,10,2024,4,Monday
2024-10-08,October,10,2024,4,Tuesday
2024-10-09,October,10,2024,4,Wednesday
2024-10-10,October,10,2024,4,Thursday
2024-10-11,October,10,2024,4,Friday
2024-10-12,October,10,2024,4,Saturday
2024-10-13,October,10,2024,4,Sunday
2024-10-14,October,10,2024,4,Monday
2024-10-15,October,10,2024,4,Tuesday
2024-10-16,October,10,2024,4,Wednesday
2024-10-17,October,10,2024,4,Thursday
2024-10-18,October,10,2024,4,Friday
2024-10-19,October,10,2024,4,Saturday
2024-10-20,October,10,2024,4,Sunday
2024-10-21,October,10,2024,4,Monday
2024-10-22,October,10,2024,4,Tuesday
2024-10-23,October,10,2024,4,Wednesday
2024-10-24,October,10,2024,4,Thursday
2024-10-25,October,10,2024,4,Friday
2024-10-26,October,10,2024,4,Saturday
2024-10-27,October,10,2024,4,Sunday
2024-10-28,October,10,2024,4,Monday
2024-10-29,October,10,2024,4,Tuesday
2024-10-30,October,10,2024,4,Wednesday
2024-10-31,October,10,2024,4,Thursday
2024-11-01,November,11,2024,4,Friday
2024-11-02,November,11,2024,4,Saturday
2024-11-03,November,11,2024,4,Sunday
2024-11-04,November,11,2024,4,Monday
2024-11-05,November,11,2024,4,Tuesday
2024-11-06,November,11,2024,4,Wednesday
2024-11-07,November,11,2024,4,Thursday
2024-11-08,November,11,2024,4,Friday
2024-11-09,November,11,2024,4,Saturday
2024-11-10,November,11,2024,4,Sunday
2024-11-11,November,11,2024,4,Monday
2024-11-12,November,11,2024,4,Tuesday
2024-11-13,November,11,2024,4,Wednesday
2024-11-14,November,11,2024,4,Thursday
2024-11-15,November,11,2024,4,Friday
2024-11-16,November,11,2024,4,Saturday
2024-11-17,November,11,2024,4,Sunday
2024-11-18,November,11,2024,4,Monday
2024-11-19,November,11,2024,4,Tuesday
2024-11-20,November,11,2024,4,Wednesday
2024-11-21,November,11,2024,4,Thursday
2024-11-22,November,11,2024,4,Friday
2024-11-23,November,11,2024,4,Saturday
2024-11-24,November,11,2024,4,Sunday
2024-11-25,November,11,2024,4,Monday
2024-11-26,November,11,2024,4,Tuesday
2024-11-27,November,11,2024,4,Wednesday
2024-11-28,November,11,2024,4,Thursday
2024-11-29,November,11,2024,4,Friday
2024-11-30,November,11,2024,4,Saturday
2024-12-01,December,12,2024,4,Sunday
2024-12-02,December,12,2024,4,Monday
2024-12-03,December,12,2024,4,Tuesday
2024-12-04,December,12,2024,4,Wednesday
2024-12-05,December,12,2024,4,Thursday
2024-12-06,December,12,2024,4,Friday
2024-12-07,December,12,2024,4,Saturday
2024-12-08,December,12,2024,4,Sunday
2024-12-09,December,12,2024,4,Monday
2024-12-10,December,12,2024,4,Tuesday
2024-12-11,December,12,2024,4,Wednesday
2024-12-12,December,12,2024,4,Thursday
2024-12-13,December,12,2024,4,Friday
2024-12-14,December,12,2024,4,Saturday
2024-12-15,December,12,2024,4,Sunday
2024-12-16,December,12,2024,4,Monday
2024-12-17,December,12,2024,4,Tuesday
2024-12-18,December,12,2024,4,Wednesday
2024-12-19,December,12,2024,4,Thursday
2024-12-20,December,12,2024,4,Friday
2024-12-21,December,12,2024,4,Saturday
2024-12-22,December,12,2024,4,Sunday
2024-12-23,December,12,2024,4,Monday
2024-12-24,December,12,2024,4,Tuesday
2024-12-25,December,12,2024,4,Wednesday
2024-12-26,December,12,2024,4,Thursday
2024-12-27,December,12,2024,4,Friday
2024-12-28,December,12,2024,4,Saturday
2024-12-29,December,12,2024,4,Sunday
2024-12-30,December,12,2024,4,Monday
2024-12-31,December,12,2024,4,Tuesday
2025-01-01,January,1,2025,1,Wednesday
2025-01-02,January,1,2025,1,Thursday
2025-01-03,January,1,2025,1,Friday
2025-01-04,January,1,2025,1,Saturday
2025-01-05,January,1,2025,1,Sunday
2025-01-06,January,1,2025,1,Monday
2025-01-07,January,1,2025,1,Tuesday
2025-01-08,January,1,2025,1,Wednesday
2025-01-09,January,1,2025,1,Thursday
2025-01-10,January,1,2025,1,Friday
2025-01-11,January,1,2025,1,Saturday
2025-01-12,January,1,2025,1,Sunday
2025-01-13,January,1,2025,1,Monday
2025-01-14,January,1,2025,1,Tuesday
2025-01-15,January,1,2025,1,Wednesday
2025-01-16,January,1,2025,1,Thursday
2025-01-17,January,1,2025,1,Friday
2025-01-18,January,1,2025,1,Saturday
2025-01-19,January,1,2025,1,Sunday
2025-01-20,January,1,2025,1,Monday
2025-01-21,January,1,2025,1,Tuesday
2025-01-22,January,1,2025,1,Wednesday
2025-01-23,January,1,2025,1,Thursday
2025-01-24,January,1,2025,1,Friday
2025-01-25,January,1,2025,1,Saturday
2025-01-26,January,1,2025,1,Sunday
2025-01-27,January,1,2025,1,Monday
2025-01-28,January,1,2025,1,Tuesday
2025-01-29,January,1,2025,1,Wednesday
2025-01-30,January,1,2025,1,Thursday
2025-01-31,January,1,2025,1,Friday
2025-02-01,February,2,2025,1,Saturday
2025-02-02,February,2,2025,1,Sunday
2025-02-03,February,2,2025,1,Monday
2025-02-04,February,2,2025,1,Tuesday
2025-02-05,February,2,2025,1,Wednesday
2025-02-06,February,2,2025,1,Thursday
2025-02-07,February,2,2025,1,Friday
2025-02-08,February,2,2025,1,Saturday
2025-02-09,February,2,2025,1,Sunday
2025-02-10,February,2,2025,1,Monday
2025-02-11,February,2,2025,1,Tuesday
2025-02-12,February,2,2025,1,Wednesday
2025-02-13,February,2,2025,1,Thursday
2025-02-14,February,2,2025,1,Friday
2025-02-15,February,2,2025,1,Saturday
2025-02-16,February,2,2025,1,Sunday
2025-02-17,February,2,2025,1,Monday
2025-02-18,February,2,2025,1,Tuesday
2025-02-19,February,2,2025,1,Wednesday
2025-02-20,February,2,2025,1,Thursday
2025-02-21,February,2,2025,1,Friday
2025-02-22,February,2,2025,1,Saturday
2025-02-23,February,2,2025,1,Sunday
2025-02-24,February,2,2025,1,Monday
2025-02-25,February,2,2025,1,Tuesday
2025-02-26,February,2,2025,1,Wednesday
2025-02-27,February,2,2025,1,Thursday
2025-02-28,February,2,2025,1,Friday
2025-03-01,March,3,2025,1,Saturday
2025-03-02,March,3,2025,1,Sunday
2025-03-03,March,3,2025,1,Monday
2025-03-04,March,3,2025,1,Tuesday
2025-03-05,March,3,2025,1,Wednesday
2025-03-06,March,3,2025,1,Thursday
2025-03-07,March,3,2025,1,Friday
2025-03-08,March,3,2025,1,Saturday
2025-03-09,March,3,2025,1,Sunday
2025-03-10,March,3,2025,1,Monday
2025-03-11,March,3,2025,1,Tuesday
2025-03-12,March,3,2025,1,Wednesday
2025-03-13,March,3,2025,1,Thursday
2025-03-14,March,3,2025,1,Friday
2025-03-15,March,3,2025,1,Saturday
2025-03-16,March,3,2025,1,Sunday
2025-03-17,March,3,2025,1,Monday
2025-03-18,March,3,2025,1,Tuesday
2025-03-19,March,3,2025,1,Wednesday
2025-03-20,March,3,2025,1,Thursday
2025-03-21,March,3,2025,1,Friday
2025-03-22,March,3,2025,1,Saturday
2025-03-23,March,3,2025,1,Sunday
2025-03-24,March,3,2025,1,Monday
2025-03-25,March,3,2025,1,Tuesday
2025-03-26,March,3,2025,1,Wednesday
2025-03-27,March,3,2025,1,Thursday
2025-03-28,March,3,2025,1,Friday
2025-03-29,March,3,2025,1,Saturday
2025-03-30,March,3,2025,1,Sunday
2025-03-31,March,3,2025,1,Monday
2025-04-01,April,4,2025,2,Tuesday
2025-04-02,April,4,2025,2,Wednesday
2025-04-03,April,4,2025,2,Thursday
2025-04-04,April,4,2025,2,Friday
2025-04-05,April,4,2025,2,Saturday
2025-04-06,April,4,2025,2,Sunday
2025-04-07,April,4,2025,2,Monday
2025-04-08,April,4,2025,2,Tuesday
2025-04-09,April,4,2025,2,Wednesday
2025-04-10,April,4,2025,2,Thursday
2025-04-11,April,4,2025,2,Friday
2025-04-12,April,4,2025,2,Saturday
2025-04-13,April,4,2025,2,Sunday
2025-04-14,April,4,2025,2,Monday
2025-04-15,April,4,2025,2,Tuesday
2025-04-16,April,4,2025,2,Wednesday
2025-04-17,April,4,2025,2,Thursday
2025-04-18,April,4,2025,2,Friday
2025-04-19,April,4,2025,2,Saturday
2025-04-20,April,4,2025,2,Sunday
2025-04-21,April,4,2025,2,Monday
2025-04-22,April,4,2025,2,Tuesday
2025-04-23,April,4,2025,2,Wednesday
2025-04-24,April,4,2025,2,Thursday
2025-04-25,April,4,2025,2,Friday
2025-04-26,April,4,2025,2,Saturday
2025-04-27,April,4,2025,2,Sunday
2025-04-28,April,4,2025,2,Monday
2025-04-29,April,4,2025,2,Tuesday
2025-04-30,April,4,2025,2,Wednesday
2025-05-01,May,5,2025,2,Thursday
2025-05-02,May,5,2025,2,Friday
2025-05-03,May,5,2025,2,Saturday
2025-05-04,May,5,2025,2,Sunday
2025-05-05,May,5,2025,2,Monday
2025-05-06,May,5,2025,2,Tuesday
2025-05-07,May,5,2025,2,Wednesday
2025-05-08,May,5,2025,2,Thursday
2025-05-09,May,5,2025,2,Friday
2025-05-10,May,5,2025,2,Saturday
2025-05-11,May,5,2025,2,Sunday
2025-05-12,May,5,2025,2,Monday
2025-05-13,May,5,2025,2,Tuesday
2025-05-14,May,5,2025,2,Wednesday
2025-05-15,May,5,2025,2,Thursday
2025-05-16,May,5,2025,2,Friday
2025-05-17,May,5,2025,2,Saturday
2025-05-18,May,5,2025,2,Sunday
2025-05-19,May,5,2025,2,Monday
2025-05-20,May,5,2025,2,Tuesday
2025-05-21,May,5,2025,2,Wednesday
2025-05-22,May,5,2025,2,Thursday
2025-05-23,May,5,2025,2,Friday
2025-05-24,May,5,2025,2,Saturday
2025-05-25,May,5,2025,2,Sunday
2025-05-26,May,5,2025,2,Monday
2025-05-27,May,5,2025,2,Tuesday
2025-05-28,May,5,2025,2,Wednesday
2025-05-29,May,5,2025,2,Thursday
2025-05-30,May,5,2025,2,Friday
2025-05-31,May,5,2025,2,Saturday
2025-06-01,June,6,2025,2,Sunday
2025-06-02,June,6,2025,2,Monday
2025-06-03,June,6,2025,2,Tuesday
2025-06-04,June,6,2025,2,Wednesday
2025-06-05,June,6,2025,2,Thursday
2025-06-06,June,6,2025,2,Friday
2025-06-07,June,6,2025,2,Saturday
2025-06-08,June,6,2025,2,Sunday
2025-06-09,June,6,2025,2,Monday
2025-06-10,June,6,2025,2,Tuesday
2025-06-11,June,6,2025,2,Wednesday
2025-06-12,June,6,2025,2,Thursday
2025-06-13,June,6,2025,2,Friday
2025-06-14,June,6,2025,2,Saturday
2025-06-15,June,6,2025,2,Sunday
2025-06-16,June,6,2025,2,Monday
2025-06-17,June,6,2025,2,Tuesday
2025-06-18,June,6,2025,2,Wednesday
2025-06-19,June,6,2025,2,Thursday
2025-06-20,June,6,2025,2,Friday
2025-06-21,June,6,2025,2,Saturday
2025-06-22,June,6,2025,2,Sunday
2025-06-23,June,6,2025,2,Monday
2025-06-24,June,6,2025,2,Tuesday
2025-06-25,June,6,2025,2,Wednesday
2025-06-26,June,6,2025,2,Thursday
2025-06-27,June,6,2025,2,Friday
2025-06-28,June,6,2025,2,Saturday
2025-06-29,June,6,2025,2,Sunday
2025-06-30,June,6,2025,2,Monday
2025-07-01,July,7,2025,3,Tuesday
2025-07-02,July,7,2025,3,Wednesday
2025-07-03,July,7,2025,3,Thursday
2025-07-04,July,7,2025,3,Friday
2025-07-05,July,7,2025,3,Saturday
2025-07-06,July,7,2025,3,Sunday
2025-07-07,July,7,2025,3,Monday
2025-07-08,July,7,2025,3,Tuesday
2025-07-09,July,7,2025,3,Wednesday
2025-07-10,July,7,2025,3,Thursday
2025-07-11,July,7,2025,3,Friday
2025-07-12,July,7,2025,3,Saturday
2025-07-13,July,7,2025,3,Sunday
2025-07-14,July,7,2025,3,Monday
2025-07-15,July,7,2025,3,Tuesday
2025-07-16,July,7,2025,3,Wednesday
2025-07-17,July,7,2025,3,Thursday
2025-07-18,July,7,2025,3,Friday
2025-07-19,July,7,2025,3,Saturday
2025-07-20,July,7,2025,3,Sunday
2025-07-21,July,7,2025,3,Monday
2025-07-22,July,7,2025,3,Tuesday
2025-07-23,July,7,2025,3,Wednesday
2025-07-24,July,7,2025,3,Thursday
2025-07-25,July,7,2025,3,Friday
2025-07-26,July,7,2025,3,Saturday
2025-07-27,July,7,2025,3,Sunday
2025-07-28,July,7,2025,3,Monday
2025-07-29,July,7,2025,3,Tuesday
2025-07-30,July,7,2025,3,Wednesday
2025-07-31,July,7,2025,3,Thursday
2025-08-01,August,8,2025,3,Friday
2025-08-02,August,8,2025,3,Saturday
2025-08-03,August,8,2025,3,Sunday
2025-08-04,August,8,2025,3,Monday
2025-08-05,August,8,2025,3,Tuesday
2025-08-06,August,8,2025,3,Wednesday
2025-08-07,August,8,2025,3,Thursday
2025-08-08,August,8,2025,3,Friday
2025-08-09,August,8,2025,3,Saturday
2025-08-10,August,8,2025,3,Sunday
2025-08-11,August,8,2025,3,Monday
2025-08-12,August,8,2025,3,Tuesday
2025-08-13,August,8,2025,3,Wednesday
2025-08-14,August,8,2025,3,Thursday
2025-08-15,August,8,2025,3,Friday
2025-08-16,August,8,2025,3,Saturday
2025-08-17,August,8,2025,3,Sunday
2025-08-18,August,8,2025,3,Monday
2025-08-19,August,8,2025,3,Tuesday
2025-08-20,August,8,2025,3,Wednesday
2025-08-21,August,8,2025,3,Thursday
2025-08-22,August,8,2025,3,Friday
2025-08-23,August,8,2025,3,Saturday
2025-08-24,August,8,2025,3,Sunday
2025-08-25,August,8,2025,3,Monday
2025-08-26,August,8,2025,3,Tuesday
2025-08-27,August,8,2025,3,Wednesday
2025-08-28,August,8,2025,3,Thursday
2025-08-29,August,8,2025,3,Friday
2025-08-30,August,8,2025,3,Saturday
2025-08-31,August,8,2025,3,Sunday
2025-09-01,September,9,2025,3,Monday
2025-09-02,September,9,2025,3,Tuesday
2025-09-03,September,9,2025,3,Wednesday
2025-09-04,September,9,2025,3,Thursday
2025-09-05,September,9,2025,3,Friday
2025-09-06,September,9,2025,3,Saturday
2025-09-07,September,9,2025,3,Sunday
2025-09-08,September,9,2025,3,Monday
2025-09-09,September,9,2025,3,Tuesday
2025-09-10,September,9,2025,3,Wednesday
2025-09-11,September,9,2025,3,Thursday
2025-09-12,September,9,2025,3,Friday
2025-09-13,September,9,2025,3,Saturday
2025-09-14,September,9,2025,3,Sunday
2025-09-15,September,9,2025,3,Monday
2025-09-16,September,9,2025,3,Tuesday
2025-09-17,September,9,2025,3,Wednesday
2025-09-18,September,9,2025,3,Thursday
2025-09-19,September,9,2025,3,Friday
2025-09-20,September,9,2025,3,Saturday
2025-09-21,September,9,2025,3,Sunday
2025-09-22,September,9,2025,3,Monday
2025-09-23,September,9,2025,3,Tuesday
2025-09-24,September,9,2025,3,Wednesday
2025-09-25,September,9,2025,3,Thursday
2025-09-26,September,9,2025,3,Friday
2025-09-27,September,9,2025,3,Saturday
2025-09-28,September,9,2025,3,Sunday
2025-09-29,September,9,2025,3,Monday
2025-09-30,September,9,2025,3,Tuesday
2025-10-01,October,10,2025,4,Wednesday
2025-10-02,October,10,2025,4,Thursday
2025-10-03,October,10,2025,4,Friday
2025-10-04,October,10,2025,4,Saturday
2025-10-05,October,10,2025,4,Sunday
2025-10-06,October,10,2025,4,Monday
2025-10-07,October,10,2025,4,Tuesday
2025-10-08,October,10,2025,4,Wednesday
2025-10-09,October,10,2025,4,Thursday
2025-10-10,October,10,2025,4,Friday
2025-10-11,October,10,2025,4,Saturday
2025-10-12,October,10,2025,4,Sunday
2025-10-13,October,10,2025,4,Monday
2025-10-14,October,10,2025,4,Tuesday
2025-10-15,October,10,2025,4,Wednesday
2025-10-16,October,10,2025,4,Thursday
2025-10-17,October,10,2025,4,Friday
2025-10-18,October,10,2025,4,Saturday
2025-10-19,October,10,2025,4,Sunday
2025-10-20,October,10,2025,4,Monday
2025-10-21,October,10,2025,4,Tuesday
2025-10-22,October,10,2025,4,Wednesday
2025-10-23,October,10,2025,4,Thursday
2025-10-24,October,10,2025,4,Friday
2025-10-25,October,10,2025,4,Saturday
2025-10-26,October,10,2025,4,Sunday
2025-10-27,October,10,2025,4,Monday
2025-10-28,October,10,2025,4,Tuesday
2025-10-29,October,10,2025,4,Wednesday
2025-10-30,October,10,2025,4,Thursday
2025-10-31,October,10,2025,4,Friday
2025-11-01,November,11,2025,4,Saturday
2025-11-02,November,11,2025,4,Sunday
2025-11-03,November,11,2025,4,Monday
2025-11-04,November,11,2025,4,Tuesday
2025-11-05,November,11,2025,4,Wednesday
2025-11-06,November,11,2025,4,Thursday
2025-11-07,November,11,2025,4,Friday
2025-11-08,November,11,2025,4,Saturday
2025-11-09,November,11,2025,4,Sunday
2025-11-10,November,11,2025,4,Monday
2025-11-11,November,11,2025,4,Tuesday
2025-11-12,November,11,2025,4,Wednesday
2025-11-13,November,11,2025,4,Thursday
2025-11-14,November,11,2025,4,Friday
2025-11-15,November,11,2025,4,Saturday
2025-11-16,November,11,2025,4,Sunday
2025-11-17,November,11,2025,4,Monday
2025-11-18,November,11,2025,4,Tuesday
2025-11-19,November,11,2025,4,Wednesday
2025-11-20,November,11,2025,4,Thursday
2025-11-21,November,11,2025,4,Friday
2025-11-22,November,11,2025,4,Saturday
2025-11-23,November,11,2025,4,Sunday
2025-11-24,November,11,2025,4,Monday
2025-11-25,November,11,2025,4,Tuesday
2025-11-26,November,11,2025,4,Wednesday
2025-11-27,November,11,2025,4,Thursday
2025-11-28,November,11,2025,4,Friday
2025-11-29,November,11,2025,4,Saturday
2025-11-30,November,11,2025,4,Sunday
2025-12-01,December,12,2025,4,Monday
2025-12-02,December,12,2025,4,Tuesday
2025-12-03,December,12,2025,4,Wednesday
2025-12-04,December,12,2025,4,Thursday
2025-12-05,December,12,2025,4,Friday
2025-12-06,December,12,2025,4,Saturday
2025-12-07,December,12,2025,4,Sunday
2025-12-08,December,12,2025,4,Monday
2025-12-09,December,12,2025,4,Tuesday
2025-12-10,December,12,2025,4,Wednesday
2025-12-11,December,12,2025,4,Thursday
2025-12-12,December,12,2025,4,Friday
2025-12-13,December,12,2025,4,Saturday
2025-12-14,December,12,2025,4,Sunday
2025-12-15,December,12,2025,4,Monday
2025-12-16,December,12,2025,4,Tuesday
2025-12-17,December,12,2025,4,Wednesday
2025-12-18,December,12,2025,4,Thursday
2025-12-19,December,12,2025,4,Friday
2025-12-20,December,12,2025,4,Saturday
2025-12-21,December,12,2025,4,Sunday
2025-12-22,December,12,2025,4,Monday
2025-12-23,December,12,2025,4,Tuesday
2025-12-24,December,12,2025,4,Wednesday
2025-12-25,December,12,2025,4,Thursday
2025-12-26,December,12,2025,4,Friday
2025-12-27,December,12,2025,4,Saturday
2025-12-28,December,12,2025,4,Sunday
2025-12-29,December,12,2025,4,Monday
2025-12-30,December,12,2025,4,Tuesday
2025-12-31,December,12,2025,4,Wednesday
