sale_id,date,product_id,customer_id,quantity,unit_price,sales_amount
SALE20240001,2024-11-23,P01,C01,9,48.19,426.95
SALE20240002,2024-02-22,P06,C06,18,29.52,491.26
SALE20240003,2024-01-16,P01,C02,8,47.62,400.35
SALE20240004,2024-04-11,P06,C06,18,29.60,526.88
SALE20240005,2024-05-22,P01,C02,14,48.27,677.50
SALE20240006,2024-06-21,P01,C01,13,51.73,597.45
SALE20240007,2024-11-05,P03,C01,15,77.50,1118.04
SALE20240008,2024-07-12,P01,C05,10,50.58,532.83
SALE20240009,2024-07-04,P05,C02,3,31.52,88.37
SALE20240010,2024-05-28,P01,C02,4,49.76,195.17
SALE20240011,2024-07-05,P02,C03,12,51.28,593.40
SALE20240012,2024-12-15,P06,C01,20,29.85,611.06
SALE20240013,2024-05-05,P02,C04,13,54.73,651.10
SALE20240014,2024-12-18,P05,C02,11,33.29,380.84
SALE20240015,2024-04-27,P01,C03,13,48.55,619.68
SALE20240016,2024-10-17,P06,C03,7,29.44,214.72
SALE20240017,2024-11-25,P04,C02,9,69.92,569.98
SALE20240018,2024-10-02,P03,C06,19,74.62,1385.88
SALE20240019,2024-07-04,P02,C02,17,53.84,891.34
SALE20240020,2024-02-26,P02,C06,6,52.09,333.40
SALE20240021,2024-02-02,P04,C04,20,68.45,1500.44
SALE20240022,2024-10-10,P01,C06,4,50.17,207.23
SALE20240023,2024-05-16,P06,C03,4,28.73,114.09
SALE20240024,2024-01-02,P06,C06,9,30.53,293.02
SALE20240025,2024-09-16,P01,C06,10,50.03,534.06
SALE20240026,2024-04-11,P02,C03,6,53.96,317.48
SALE20240027,2024-09-28,P01,C05,11,48.05,548.64
SALE20240028,2024-07-04,P03,C02,2,74.50,140.33
SALE20240029,2024-02-10,P01,C06,16,52.38,850.39
SALE20240030,2024-09-29,P02,C02,16,50.74,915.07
SALE20240031,2024-09-27,P05,C04,7,33.23,246.26
SALE20240032,2024-12-19,P02,C06,10,53.40,514.39
SALE20240033,2024-07-10,P04,C05,15,66.37,946.15
SALE20240034,2024-06-22,P01,C05,18,48.59,851.25
SALE20240035,2024-02-06,P06,C06,2,30.96,56.27
SALE20240036,2024-06-18,P01,C05,8,49.92,382.20
SALE20240037,2024-10-03,P02,C06,19,51.15,1012.70
SALE20240038,2024-08-30,P04,C02,4,67.78,250.99
SALE20240039,2024-08-04,P04,C04,2,71.55,141.23
SALE20240040,2024-02-20,P01,C04,11,48.04,582.95
SALE20240041,2024-04-08,P02,C05,15,50.84,730.83
SALE20240042,2024-08-24,P02,C01,15,54.37,836.01
SALE20240043,2024-02-20,P01,C06,18,52.33,960.29
SALE20240044,2024-05-01,P02,C04,16,54.41,836.87
SALE20240045,2024-01-31,P02,C04,1,51.27,57.60
SALE20240046,2024-08-20,P03,C04,18,73.90,1375.12
SALE20240047,2024-04-07,P03,C02,2,74.31,150.34
SALE20240048,2024-06-09,P01,C01,19,52.09,945.40
SALE20240049,2024-09-28,P02,C01,17,50.85,817.55
SALE20240050,2024-10-31,P01,C06,8,52.20,392.22
SALE20240051,2024-10-18,P02,C05,20,50.31,953.35
SALE20240052,2024-12-02,P05,C05,17,31.62,530.57
SALE20240053,2024-12-08,P06,C03,8,28.65,226.84
SALE20240054,2024-11-26,P03,C04,11,77.22,883.84
SALE20240055,2024-01-05,P04,C05,19,65.34,1425.41
SALE20240056,2024-04-19,P05,C03,5,33.63,176.04
SALE20240057,2024-05-05,P03,C03,6,74.32,438.51
SALE20240058,2024-06-03,P05,C06,17,33.43,496.58
SALE20240059,2024-06-02,P06,C01,5,30.91,141.74
SALE20240060,2024-10-10,P02,C03,10,53.64,536.01
SALE20240061,2024-04-14,P06,C06,9,29.01,268.04
SALE20240062,2024-01-27,P01,C06,14,47.71,745.96
SALE20240063,2024-06-19,P02,C06,9,52.19,440.52
SALE20240064,2024-12-27,P04,C05,1,71.29,62.95
SALE20240065,2024-12-19,P02,C05,2,52.93,112.03
SALE20240066,2024-03-16,P04,C02,2,70.97,131.27
SALE20240067,2024-01-21,P03,C02,8,72.92,611.76
SALE20240068,2024-10-13,P04,C05,5,66.45,370.31
SALE20240069,2024-03-24,P02,C04,1,54.73,49.13
SALE20240070,2024-07-29,P06,C06,8,30.60,226.90
SALE20240071,2024-02-25,P04,C01,16,70.41,1031.38
SALE20240072,2024-08-23,P03,C03,8,75.18,559.19
SALE20240073,2024-07-23,P03,C03,3,72.37,242.73
SALE20240074,2024-11-24,P05,C04,18,30.87,563.51
SALE20240075,2024-05-13,P02,C05,9,53.01,428.87
SALE20240076,2024-06-25,P06,C03,14,29.78,425.35
SALE20240077,2024-07-16,P05,C02,9,32.19,265.03
SALE20240078,2024-09-23,P05,C06,7,31.01,220.64
SALE20240079,2024-12-06,P03,C05,11,71.22,840.60
SALE20240080,2024-06-02,P05,C03,14,33.04,437.83
SALE20240081,2024-10-10,P02,C02,14,51.87,759.24
SALE20240082,2024-03-30,P05,C05,10,33.48,317.91
SALE20240083,2024-06-04,P03,C02,14,74.79,1095.21
SALE20240084,2024-06-13,P04,C04,15,68.33,1059.71
SALE20240085,2024-03-27,P06,C01,10,30.15,298.42
SALE20240086,2024-06-20,P01,C02,10,48.49,472.37
SALE20240087,2024-01-13,P01,C02,16,51.33,817.64
SALE20240088,2024-08-21,P04,C06,19,69.59,1217.50
SALE20240089,2024-09-10,P04,C02,5,64.88,351.90
SALE20240090,2024-02-24,P04,C02,6,69.59,434.41
SALE20240091,2024-08-25,P01,C05,8,48.10,433.31
SALE20240092,2024-03-09,P04,C06,17,68.90,1273.47
SALE20240093,2024-08-14,P05,C06,17,33.72,542.73
SALE20240094,2024-08-16,P02,C06,16,53.82,831.61
SALE20240095,2024-11-22,P03,C05,16,72.33,1214.01
SALE20240096,2024-02-09,P06,C03,8,29.21,227.13
SALE20240097,2024-10-03,P01,C02,5,50.96,236.52
SALE20240098,2024-12-27,P02,C01,14,52.72,721.42
SALE20240099,2024-07-31,P01,C02,14,51.34,684.39
SALE20240100,2024-12-22,P01,C05,13,52.20,646.88
SALE20240101,2024-06-01,P04,C04,18,68.56,1289.31
SALE20240102,2024-11-04,P02,C04,8,52.42,400.93
SALE20240103,2024-07-18,P03,C06,13,76.52,1005.13
SALE20240104,2024-03-06,P05,C05,1,32.70,35.04
SALE20240105,2024-12-05,P01,C01,14,49.80,648.87
SALE20240106,2024-01-26,P03,C04,11,72.72,767.06
SALE20240107,2024-07-13,P03,C04,9,73.78,710.61
SALE20240108,2024-10-03,P01,C03,8,51.40,411.93
SALE20240109,2024-11-29,P01,C01,8,47.59,375.87
SALE20240110,2024-03-19,P02,C02,16,52.84,868.47
SALE20240111,2024-04-21,P04,C06,9,65.98,647.04
SALE20240112,2024-11-06,P06,C06,4,28.75,125.61
SALE20240113,2024-06-08,P01,C05,1,50.37,54.28
SALE20240114,2024-07-11,P04,C06,7,69.55,437.24
SALE20240115,2024-11-17,P02,C01,10,53.03,561.78
SALE20240116,2024-03-02,P05,C01,12,32.92,391.35
SALE20240117,2024-02-05,P05,C06,11,32.14,321.66
SALE20240118,2024-09-07,P01,C04,12,51.63,616.15
SALE20240119,2024-12-28,P02,C04,6,54.94,329.73
SALE20240120,2024-05-18,P05,C05,16,33.46,514.76
SALE20240121,2024-10-30,P03,C03,8,70.94,631.16
SALE20240122,2024-08-18,P02,C04,19,51.86,1019.51
SALE20240123,2024-01-15,P04,C03,6,67.26,408.48
SALE20240124,2024-05-12,P03,C03,20,72.34,1539.55
SALE20240125,2024-01-06,P05,C02,3,32.10,92.17
SALE20240126,2024-10-11,P02,C06,16,52.45,864.51
SALE20240127,2024-01-09,P01,C03,8,48.71,392.27
SALE20240128,2024-12-05,P05,C03,16,31.89,523.94
SALE20240129,2024-10-08,P03,C03,15,72.16,1059.14
SALE20240130,2024-03-02,P06,C02,11,29.86,302.35
SALE20240131,2024-12-19,P02,C02,7,51.33,385.04
SALE20240132,2024-10-28,P05,C05,10,33.48,355.14
SALE20240133,2024-05-31,P02,C03,6,53.59,302.54
SALE20240134,2024-03-05,P03,C01,2,75.46,149.58
SALE20240135,2024-03-05,P06,C04,4,29.97,127.87
SALE20240136,2024-08-28,P04,C04,11,65.19,703.36
SALE20240137,2024-09-01,P01,C01,13,50.38,648.80
SALE20240138,2024-12-17,P01,C02,5,52.24,265.50
SALE20240139,2024-02-13,P02,C01,18,53.06,994.98
SALE20240140,2024-11-12,P02,C05,13,52.20,675.75
SALE20240141,2024-10-28,P04,C03,19,69.00,1328.14
SALE20240142,2024-02-20,P02,C06,7,50.30,350.20
SALE20240143,2024-05-02,P02,C05,3,52.02,146.68
SALE20240144,2024-12-18,P05,C04,10,31.71,293.72
SALE20240145,2024-05-24,P06,C04,3,31.01,92.59
SALE20240146,2024-11-16,P05,C06,7,32.54,223.40
SALE20240147,2024-11-27,P02,C03,5,50.75,240.00
SALE20240148,2024-06-06,P05,C06,19,32.20,667.46
SALE20240149,2024-08-27,P06,C03,13,29.75,420.99
SALE20240150,2024-09-09,P04,C01,20,67.79,1239.38
SALE20240151,2024-06-14,P05,C03,1,33.90,29.75
SALE20240152,2024-10-21,P05,C01,9,33.25,296.05
SALE20240153,2024-03-30,P04,C05,15,66.08,1108.94
SALE20240154,2024-10-26,P04,C06,16,68.05,1194.44
SALE20240155,2024-07-28,P03,C03,4,72.74,317.18
SALE20240156,2024-12-21,P04,C03,13,68.59,942.89
SALE20240157,2024-08-20,P01,C03,9,52.34,434.01
SALE20240158,2024-07-25,P05,C01,18,30.96,578.76
SALE20240159,2024-09-22,P03,C05,16,75.92,1213.70
SALE20240160,2024-04-14,P03,C05,5,73.54,401.65
SALE20240161,2024-12-23,P04,C01,1,68.99,74.71
SALE20240162,2024-05-02,P06,C02,10,29.91,300.52
SALE20240163,2024-02-17,P02,C01,15,53.28,857.91
SALE20240164,2024-03-19,P04,C06,10,66.70,683.71
SALE20240165,2024-09-04,P04,C02,15,67.46,1034.25
SALE20240166,2024-11-02,P05,C06,5,31.68,173.79
SALE20240167,2024-07-31,P03,C05,9,72.39,708.70
SALE20240168,2024-06-01,P05,C05,16,32.23,556.27
SALE20240169,2024-09-04,P03,C03,18,73.09,1402.03
SALE20240170,2024-06-13,P02,C06,8,51.10,426.03
SALE20240171,2024-07-29,P01,C03,16,51.55,832.67
SALE20240172,2024-07-16,P06,C06,5,28.37,148.61
SALE20240173,2024-09-14,P05,C03,4,32.21,139.30
SALE20240174,2024-09-26,P04,C01,5,69.31,335.11
SALE20240175,2024-03-20,P01,C04,9,50.95,435.38
SALE20240176,2024-11-28,P01,C03,18,49.07,878.23
SALE20240177,2024-09-06,P05,C01,20,32.82,592.07
SALE20240178,2024-05-27,P02,C06,3,50.39,155.42
SALE20240179,2024-11-20,P06,C01,15,29.15,416.47
SALE20240180,2024-01-15,P01,C03,2,49.36,95.85
SALE20240181,2024-03-15,P02,C05,14,54.04,744.69
SALE20240182,2024-03-28,P02,C01,20,53.13,1127.88
SALE20240183,2024-05-03,P04,C05,5,69.19,322.97
SALE20240184,2024-08-23,P03,C06,1,73.74,79.90
SALE20240185,2024-05-27,P06,C05,6,31.07,163.29
SALE20240186,2024-10-27,P03,C06,14,73.68,1075.43
SALE20240187,2024-06-03,P02,C04,16,51.88,773.92
SALE20240188,2024-07-02,P05,C03,10,33.47,293.02
SALE20240189,2024-07-21,P03,C01,19,76.06,1508.66
SALE20240190,2024-01-26,P05,C06,16,33.71,552.91
SALE20240191,2024-04-27,P05,C03,8,32.79,266.28
SALE20240192,2024-12-13,P06,C06,5,30.95,152.57
SALE20240193,2024-11-26,P01,C03,15,49.31,679.87
SALE20240194,2024-03-08,P01,C03,11,48.37,577.11
SALE20240195,2024-03-08,P05,C03,17,31.66,551.00
SALE20240196,2024-03-25,P03,C04,10,72.81,776.49
SALE20240197,2024-02-28,P04,C01,5,66.38,358.60
SALE20240198,2024-12-12,P06,C06,13,30.66,422.89
SALE20240199,2024-07-06,P01,C04,1,48.11,47.64
SALE20240200,2024-07-07,P06,C06,9,30.71,272.28
SALE20240201,2024-07-09,P01,C06,8,50.59,397.64
SALE20240202,2024-10-14,P03,C05,8,75.00,609.48
SALE20240203,2024-08-25,P06,C03,14,28.40,384.57
SALE20240204,2024-01-20,P03,C04,4,76.87,272.15
SALE20240205,2024-03-10,P04,C04,12,69.91,846.93
SALE20240206,2024-10-03,P04,C05,5,69.31,367.55
SALE20240207,2024-09-07,P05,C04,9,31.98,264.35
SALE20240208,2024-08-15,P04,C02,12,69.52,753.37
SALE20240209,2024-10-05,P06,C03,2,28.83,58.29
SALE20240210,2024-03-03,P04,C01,7,68.91,491.29
SALE20240211,2024-01-11,P01,C03,8,51.42,439.02
SALE20240212,2024-04-15,P01,C05,7,51.55,355.98
SALE20240213,2024-04-29,P03,C02,20,76.65,1332.84
SALE20240214,2024-03-15,P02,C05,9,50.45,500.71
SALE20240215,2024-01-14,P02,C01,12,51.12,666.54
SALE20240216,2024-06-14,P01,C02,9,51.20,409.63
SALE20240217,2024-09-26,P01,C06,3,51.38,149.26
SALE20240218,2024-09-19,P05,C01,15,33.84,486.37
SALE20240219,2024-01-23,P06,C06,17,30.18,485.68
SALE20240220,2024-01-16,P01,C04,13,48.03,640.29
SALE20240221,2024-12-30,P04,C01,3,65.85,197.47
SALE20240222,2024-03-05,P03,C05,19,72.71,1419.60
SALE20240223,2024-11-01,P05,C03,15,32.17,486.54
SALE20240224,2024-12-25,P01,C06,18,48.57,939.56
SALE20240225,2024-08-19,P02,C04,11,51.97,615.32
SALE20240226,2024-02-18,P03,C04,11,73.07,840.88
SALE20240227,2024-03-19,P06,C04,3,28.52,81.95
SALE20240228,2024-08-09,P01,C06,12,50.27,637.28
SALE20240229,2024-10-27,P05,C05,11,32.11,368.52
SALE20240230,2024-12-06,P04,C06,2,68.94,149.29
SALE20240231,2024-06-29,P01,C05,17,50.77,801.01
SALE20240232,2024-04-24,P01,C03,18,51.30,875.99
SALE20240233,2024-10-20,P02,C04,18,54.17,1034.69
SALE20240234,2024-11-10,P06,C06,18,31.03,484.76
SALE20240235,2024-12-21,P03,C01,6,75.94,423.87
SALE20240236,2024-06-22,P03,C01,6,74.49,476.84
SALE20240237,2024-07-24,P01,C02,1,50.14,45.91
SALE20240238,2024-07-11,P04,C04,11,66.96,699.31
SALE20240239,2024-06-15,P05,C05,3,31.28,104.65
SALE20240240,2024-11-12,P01,C06,3,50.80,143.13
SALE20240241,2024-09-05,P05,C04,14,33.23,433.02
SALE20240242,2024-02-28,P03,C04,4,75.32,283.17
SALE20240243,2024-09-06,P05,C06,10,32.06,294.54
SALE20240244,2024-11-02,P01,C01,7,48.55,336.03
SALE20240245,2024-03-11,P03,C03,11,73.98,752.13
SALE20240246,2024-08-08,P02,C02,13,51.08,686.95
SALE20240247,2024-10-13,P06,C03,3,30.47,87.41
SALE20240248,2024-08-11,P01,C04,3,50.37,160.83
SALE20240249,2024-10-20,P04,C06,14,67.60,915.28
SALE20240250,2024-06-15,P02,C05,15,54.70,839.79
SALE20240251,2024-02-15,P04,C01,8,67.57,538.98
SALE20240252,2024-02-10,P04,C03,11,70.15,708.94
SALE20240253,2024-02-09,P05,C06,4,31.41,130.39
SALE20240254,2024-06-27,P03,C06,5,71.38,350.48
SALE20240255,2024-04-11,P02,C05,5,53.32,276.16
SALE20240256,2024-03-31,P06,C04,15,30.52,468.96
SALE20240257,2024-08-17,P06,C05,20,31.15,573.96
SALE20240258,2024-06-10,P02,C04,3,53.19,156.52
SALE20240259,2024-05-20,P05,C01,12,31.79,389.37
SALE20240260,2024-08-19,P01,C01,12,47.87,639.68
SALE20240261,2024-02-16,P05,C05,17,32.66,538.07
SALE20240262,2024-01-22,P04,C05,7,68.08,460.70
SALE20240263,2024-03-18,P01,C04,4,51.68,212.40
SALE20240264,2024-12-31,P01,C05,6,51.03,272.29
SALE20240265,2024-08-12,P05,C05,20,31.99,603.77
SALE20240266,2024-05-24,P04,C04,11,65.19,777.61
SALE20240267,2024-11-19,P06,C03,3,29.92,86.21
SALE20240268,2024-07-16,P03,C03,20,72.77,1590.49
SALE20240269,2024-10-25,P06,C02,12,30.21,343.45
SALE20240270,2024-12-05,P04,C02,20,65.42,1422.01
SALE20240271,2024-10-13,P04,C06,11,69.41,797.77
SALE20240272,2024-12-16,P05,C01,14,30.84,454.37
SALE20240273,2024-06-07,P02,C02,11,52.43,629.21
SALE20240274,2024-04-25,P02,C02,3,54.01,151.07
SALE20240275,2024-09-16,P05,C06,17,31.87,499.88
SALE20240276,2024-11-12,P02,C05,13,50.82,635.31
SALE20240277,2024-12-20,P05,C02,15,31.96,441.65
SALE20240278,2024-05-01,P04,C05,10,70.19,716.95
SALE20240279,2024-04-29,P05,C02,10,33.32,354.17
SALE20240280,2024-04-09,P03,C06,19,73.72,1542.22
SALE20240281,2024-05-24,P04,C05,17,65.94,1141.38
SALE20240282,2024-04-12,P05,C02,9,32.34,265.48
SALE20240283,2024-07-09,P05,C01,17,31.70,589.48
SALE20240284,2024-03-23,P03,C04,17,73.54,1169.27
SALE20240285,2024-04-23,P04,C03,1,67.54,67.09
SALE20240286,2024-07-10,P02,C04,3,50.02,153.56
SALE20240287,2024-02-20,P06,C06,11,28.67,346.32
SALE20240288,2024-05-26,P04,C06,5,68.04,358.92
SALE20240289,2024-11-11,P01,C01,1,51.66,47.55
SALE20240290,2024-10-07,P06,C05,17,30.57,497.99
SALE20240291,2024-05-01,P03,C01,2,75.03,140.26
SALE20240292,2024-11-14,P04,C01,4,68.25,291.38
SALE20240293,2024-10-01,P01,C06,17,51.08,862.59
SALE20240294,2024-05-29,P04,C01,20,68.73,1324.82
SALE20240295,2024-04-05,P06,C06,3,29.34,89.67
SALE20240296,2024-09-26,P05,C05,17,32.05,556.77
SALE20240297,2024-08-28,P01,C06,13,48.76,712.39
SALE20240298,2024-01-09,P03,C01,12,75.16,842.02
SALE20240299,2024-02-23,P05,C06,11,31.92,330.27
SALE20240300,2024-06-22,P06,C02,15,29.69,489.16
SALE20240301,2024-04-03,P02,C01,15,50.93,714.57
SALE20240302,2024-04-12,P01,C03,10,52.44,501.44
SALE20240303,2024-10-05,P04,C03,2,66.14,143.41
SALE20240304,2024-07-01,P01,C06,11,51.49,524.95
SALE20240305,2024-08-11,P04,C06,15,67.48,1104.55
SALE20240306,2024-04-05,P04,C06,16,70.28,1063.03
SALE20240307,2024-05-16,P01,C06,14,50.50,640.92
SALE20240308,2024-04-02,P05,C03,11,31.84,328.07
SALE20240309,2024-05-31,P03,C04,20,71.53,1544.43
SALE20240310,2024-08-15,P03,C04,2,77.05,154.71
SALE20240311,2024-11-10,P04,C03,2,69.19,124.90
SALE20240312,2024-07-05,P05,C06,6,31.24,212.00
SALE20240313,2024-11-07,P06,C04,2,28.96,55.05
SALE20240314,2024-11-26,P03,C03,13,70.54,1048.48
SALE20240315,2024-03-19,P06,C04,12,30.53,347.86
SALE20240316,2024-10-20,P02,C05,12,53.29,617.15
SALE20240317,2024-05-07,P01,C01,6,49.43,299.88
SALE20240318,2024-10-14,P01,C03,9,48.56,468.27
SALE20240319,2024-11-09,P03,C06,16,71.30,1113.00
SALE20240320,2024-02-07,P04,C02,15,70.37,1125.56
SALE20240321,2024-06-12,P06,C03,3,29.13,90.14
SALE20240322,2024-06-02,P02,C06,6,52.55,333.50
SALE20240323,2024-03-03,P02,C02,8,50.01,444.39
SALE20240324,2024-10-10,P05,C03,15,32.57,515.52
SALE20240325,2024-11-09,P01,C01,10,51.07,489.72
SALE20240326,2024-09-02,P05,C04,14,31.02,482.93
SALE20240327,2024-06-11,P06,C01,15,29.80,443.20
SALE20240328,2024-03-06,P05,C06,19,33.91,576.44
SALE20240329,2024-08-09,P05,C01,4,31.77,130.07
SALE20240330,2024-03-23,P03,C06,8,77.26,573.77
SALE20240331,2024-05-25,P01,C03,7,50.24,359.38
SALE20240332,2024-03-05,P06,C03,20,29.76,598.98
SALE20240333,2024-03-27,P05,C05,5,32.80,151.35
SALE20240334,2024-11-05,P03,C05,2,70.51,157.63
SALE20240335,2024-01-24,P06,C05,9,30.54,275.84
SALE20240336,2024-08-01,P05,C06,1,32.81,32.39
SALE20240337,2024-05-28,P06,C03,16,30.66,451.71
SALE20240338,2024-07-26,P03,C04,3,71.47,230.37
SALE20240339,2024-07-31,P04,C04,7,65.82,462.48
SALE20240340,2024-06-12,P06,C03,13,29.36,358.19
SALE20240341,2024-10-14,P01,C03,8,48.83,397.24
SALE20240342,2024-05-06,P02,C01,2,51.89,100.59
SALE20240343,2024-11-11,P04,C02,6,71.21,435.17
SALE20240344,2024-06-09,P02,C02,16,52.33,923.32
SALE20240345,2024-06-06,P04,C01,3,68.29,222.98
SALE20240346,2024-05-03,P02,C05,12,51.35,573.13
SALE20240347,2024-11-01,P06,C06,16,28.29,455.60
SALE20240348,2024-02-25,P04,C02,9,70.05,642.20
SALE20240349,2024-07-06,P01,C04,2,48.46,101.39
SALE20240350,2024-10-10,P03,C01,13,75.96,962.82
SALE20240351,2024-05-23,P05,C06,20,33.94,598.60
SALE20240352,2024-07-20,P03,C03,18,75.89,1448.94
SALE20240353,2024-04-11,P05,C05,13,30.93,421.21
SALE20240354,2024-03-11,P06,C03,16,28.71,477.84
SALE20240355,2024-09-20,P02,C03,20,51.94,1011.89
SALE20240356,2024-11-11,P06,C03,19,30.73,546.75
SALE20240357,2024-09-29,P04,C06,19,70.40,1244.83
SALE20240358,2024-07-07,P03,C06,4,74.62,324.41
SALE20240359,2024-12-18,P06,C01,20,31.14,591.98
SALE20240360,2024-10-23,P05,C02,2,31.33,65.88
SALE20240361,2024-11-18,P06,C05,13,30.29,359.51
SALE20240362,2024-01-17,P05,C06,4,32.21,121.59
SALE20240363,2024-08-02,P02,C04,7,53.94,360.91
SALE20240364,2024-08-29,P06,C06,2,29.81,61.95
SALE20240365,2024-10-14,P03,C06,16,72.62,1190.03
SALE20240366,2024-03-29,P04,C05,11,69.45,757.70
SALE20240367,2024-12-14,P06,C06,9,28.83,273.64
SALE20240368,2024-05-06,P03,C05,10,77.50,699.28
SALE20240369,2024-06-01,P03,C06,7,73.92,537.71
SALE20240370,2024-09-02,P03,C05,9,74.54,637.73
SALE20240371,2024-10-05,P04,C04,12,70.33,893.46
SALE20240372,2024-05-28,P01,C03,3,49.70,145.36
SALE20240373,2024-05-11,P06,C04,7,29.86,195.84
SALE20240374,2024-10-14,P06,C03,5,30.47,137.12
SALE20240375,2024-05-02,P02,C01,17,51.10,843.53
SALE20240376,2024-02-21,P04,C03,16,70.10,1004.76
SALE20240377,2024-01-03,P05,C02,14,33.63,467.47
SALE20240378,2024-08-31,P04,C06,7,66.80,502.20
SALE20240379,2024-05-26,P06,C01,3,28.95,91.97
SALE20240380,2024-01-20,P02,C04,6,50.07,342.34
SALE20240381,2024-07-22,P04,C02,10,64.90,733.93
SALE20240382,2024-10-17,P05,C01,11,33.98,341.04
SALE20240383,2024-10-05,P05,C04,5,32.30,173.37
SALE20240384,2024-04-08,P01,C03,6,50.73,313.80
SALE20240385,2024-04-05,P01,C06,11,50.33,581.87
SALE20240386,2024-04-08,P02,C05,13,52.58,727.13
SALE20240387,2024-02-14,P04,C06,4,65.80,255.79
SALE20240388,2024-06-14,P02,C01,9,52.22,461.50
SALE20240389,2024-05-16,P03,C03,19,70.38,1468.67
SALE20240390,2024-11-30,P03,C06,8,71.17,540.16
SALE20240391,2024-06-06,P02,C04,17,54.54,968.02
SALE20240392,2024-06-08,P06,C01,10,28.92,289.62
SALE20240393,2024-03-09,P04,C02,15,68.97,1074.47
SALE20240394,2024-07-31,P06,C05,16,30.65,500.50
SALE20240395,2024-04-21,P02,C06,20,50.30,1128.36
SALE20240396,2024-08-16,P05,C06,12,32.61,355.99
SALE20240397,2024-02-01,P05,C05,7,31.27,230.10
SALE20240398,2024-06-16,P05,C04,4,33.10,134.27
SALE20240399,2024-09-07,P01,C05,15,49.76,796.14
SALE20240400,2024-09-19,P04,C04,19,67.99,1182.05
SALE20240401,2024-06-06,P06,C01,13,28.27,367.76
SALE20240402,2024-04-21,P05,C01,2,33.05,63.81
SALE20240403,2024-10-04,P01,C01,16,49.53,724.93
SALE20240404,2024-03-10,P06,C06,14,30.91,406.04
SALE20240405,2024-08-17,P04,C04,3,69.35,212.23
SALE20240406,2024-10-03,P02,C06,12,55.09,581.95
SALE20240407,2024-07-20,P05,C02,8,33.23,276.56
SALE20240408,2024-06-01,P04,C06,18,67.43,1209.86
SALE20240409,2024-04-27,P02,C04,12,50.86,586.55
SALE20240410,2024-02-27,P01,C06,14,52.17,715.95
SALE20240411,2024-01-09,P02,C02,3,50.05,144.93
SALE20240412,2024-11-02,P06,C06,2,28.39,56.46
SALE20240413,2024-08-12,P02,C05,7,53.95,386.20
SALE20240414,2024-03-12,P05,C03,8,33.15,275.57
SALE20240415,2024-06-12,P05,C05,11,33.62,337.65
SALE20240416,2024-12-04,P05,C02,14,30.98,435.50
SALE20240417,2024-10-29,P06,C02,14,28.40,421.15
SALE20240418,2024-06-25,P06,C06,13,29.21,408.86
SALE20240419,2024-08-01,P04,C02,10,69.99,665.64
SALE20240420,2024-08-30,P02,C02,10,50.63,562.54
SALE20240421,2024-08-25,P01,C05,14,50.28,765.34
SALE20240422,2024-03-09,P04,C02,9,69.25,577.80
SALE20240423,2024-08-18,P03,C01,18,71.71,1391.83
SALE20240424,2024-05-17,P04,C06,20,70.80,1393.10
SALE20240425,2024-04-06,P05,C06,18,31.46,550.19
SALE20240426,2024-06-19,P03,C01,7,77.42,563.29
SALE20240427,2024-03-01,P06,C04,8,30.36,247.31
SALE20240428,2024-07-22,P02,C05,11,51.87,609.32
SALE20240429,2024-09-30,P06,C03,10,29.79,283.31
SALE20240430,2024-09-11,P04,C01,16,67.02,1149.14
SALE20240431,2024-04-14,P03,C03,14,76.69,941.87
SALE20240432,2024-03-15,P01,C03,18,50.39,978.06
SALE20240433,2024-08-01,P03,C02,7,73.11,500.37
SALE20240434,2024-05-05,P04,C05,11,70.44,714.31
SALE20240435,2024-11-24,P06,C04,15,30.63,416.64
SALE20240436,2024-03-27,P02,C06,18,54.69,942.79
SALE20240437,2024-10-04,P06,C01,17,30.78,458.60
SALE20240438,2024-12-08,P01,C01,14,50.64,649.12
SALE20240439,2024-02-04,P06,C02,1,29.62,28.08
SALE20240440,2024-01-31,P05,C06,20,32.92,701.49
SALE20240441,2024-01-09,P01,C05,18,47.57,883.86
SALE20240442,2024-05-20,P05,C03,1,33.04,32.41
SALE20240443,2024-08-08,P02,C01,4,51.14,211.02
SALE20240444,2024-11-13,P05,C03,12,32.07,370.71
SALE20240445,2024-07-10,P04,C04,19,69.60,1230.15
SALE20240446,2024-06-02,P06,C01,2,29.39,54.66
SALE20240447,2024-10-09,P04,C01,1,65.40,71.02
SALE20240448,2024-08-10,P06,C03,19,31.16,619.21
SALE20240449,2024-09-27,P01,C02,7,50.95,378.01
SALE20240450,2024-10-17,P04,C03,2,69.51,148.08
SALE20240451,2024-05-23,P05,C05,2,33.54,60.64
SALE20240452,2024-01-09,P02,C05,5,53.62,275.74
SALE20240453,2024-07-22,P01,C03,6,50.32,303.78
SALE20240454,2024-07-18,P06,C05,11,30.46,319.65
SALE20240455,2024-12-18,P06,C01,17,29.29,530.58
SALE20240456,2024-02-20,P04,C02,3,70.09,198.22
SALE20240457,2024-10-31,P04,C03,1,70.19,70.08
SALE20240458,2024-08-18,P04,C02,12,67.40,827.69
SALE20240459,2024-04-05,P06,C05,13,30.10,354.70
SALE20240460,2024-05-06,P06,C01,3,29.39,85.11
SALE20240461,2024-11-20,P02,C06,13,50.43,657.48
SALE20240462,2024-01-03,P03,C04,12,71.06,934.42
SALE20240463,2024-02-14,P02,C04,15,52.57,796.48
SALE20240464,2024-02-22,P01,C01,12,50.47,606.39
SALE20240465,2024-06-15,P04,C01,10,70.16,670.74
SALE20240466,2024-10-13,P02,C05,17,51.87,833.52
SALE20240467,2024-03-12,P03,C03,9,70.77,665.08
SALE20240468,2024-08-10,P03,C04,10,70.87,737.67
SALE20240469,2024-05-08,P02,C06,16,50.90,855.76
SALE20240470,2024-02-24,P02,C03,1,51.62,57.21
SALE20240471,2024-11-13,P04,C03,15,70.40,989.91
SALE20240472,2024-11-29,P05,C02,10,33.85,312.38
SALE20240473,2024-04-12,P04,C03,6,71.45,447.55
SALE20240474,2024-05-29,P06,C06,16,30.59,520.53
SALE20240475,2024-06-15,P04,C03,13,71.20,863.30
SALE20240476,2024-04-12,P05,C05,6,32.56,201.46
SALE20240477,2024-08-24,P06,C02,15,30.74,472.82
SALE20240478,2024-02-05,P04,C06,16,66.90,1013.20
SALE20240479,2024-05-09,P06,C02,14,28.48,440.58
SALE20240480,2024-11-02,P04,C05,13,71.14,893.35
SALE20240481,2024-12-20,P04,C05,2,67.29,144.44
SALE20240482,2024-10-01,P05,C06,3,31.58,89.61
SALE20240483,2024-12-06,P03,C02,20,77.58,1345.11
SALE20240484,2024-12-12,P06,C04,11,29.54,357.73
SALE20240485,2024-01-06,P01,C03,8,50.08,400.77
SALE20240486,2024-10-24,P06,C05,8,29.43,235.42
SALE20240487,2024-12-13,P05,C06,17,34.01,512.33
SALE20240488,2024-09-04,P01,C03,14,47.92,758.72
SALE20240489,2024-03-13,P03,C03,11,71.83,806.73
SALE20240490,2024-09-04,P03,C04,4,75.46,292.34
SALE20240491,2024-06-12,P01,C03,2,48.07,106.18
SALE20240492,2024-06-24,P06,C01,6,30.47,193.85
SALE20240493,2024-09-21,P02,C05,6,52.11,304.35
SALE20240494,2024-08-24,P02,C04,6,53.33,295.24
SALE20240495,2024-07-21,P01,C06,20,49.74,1076.40
SALE20240496,2024-08-07,P04,C01,7,69.97,449.64
SALE20240497,2024-02-02,P05,C01,18,31.84,546.69
SALE20240498,2024-08-22,P01,C03,16,50.69,804.27
SALE20240499,2024-11-01,P04,C05,13,67.21,902.69
SALE20240500,2024-08-22,P05,C02,10,32.69,351.13
SALE20240501,2024-12-10,P02,C03,4,50.49,199.02
SALE20240502,2024-07-10,P06,C02,17,30.04,494.47
SALE20240503,2024-10-21,P04,C04,6,68.51,408.41
SALE20240504,2024-11-26,P02,C05,6,50.61,314.35
SALE20240505,2024-06-10,P04,C05,2,71.33,146.48
SALE20240506,2024-09-05,P02,C02,13,52.53,745.81
SALE20240507,2024-09-10,P04,C06,16,70.57,1073.57
SALE20240508,2024-09-07,P02,C01,19,53.87,903.91
SALE20240509,2024-05-29,P01,C03,8,48.33,402.93
SALE20240510,2024-08-22,P05,C06,16,31.15,523.56
SALE20240511,2024-02-28,P03,C05,12,75.90,895.47
SALE20240512,2024-08-13,P05,C02,14,33.47,417.53
SALE20240513,2024-05-06,P03,C01,15,76.68,1057.34
SALE20240514,2024-02-14,P04,C01,8,69.87,514.32
SALE20240515,2024-12-18,P03,C06,20,71.53,1519.30
SALE20240516,2024-03-12,P02,C02,2,52.67,106.47
SALE20240517,2024-11-01,P05,C02,11,31.73,390.54
SALE20240518,2024-10-20,P03,C05,4,75.85,274.43
SALE20240519,2024-07-29,P01,C03,5,48.15,260.02
SALE20240520,2024-03-15,P06,C03,8,30.27,250.45
SALE20240521,2024-09-07,P02,C05,9,51.84,484.58
SALE20240522,2024-02-08,P06,C01,13,29.09,387.96
SALE20240523,2024-07-07,P04,C04,11,70.77,763.06
SALE20240524,2024-02-17,P06,C04,12,30.63,382.00
SALE20240525,2024-07-22,P02,C04,7,51.57,367.11
SALE20240526,2024-05-25,P03,C05,19,76.61,1302.12
SALE20240527,2024-06-24,P06,C01,2,30.59,54.73
SALE20240528,2024-08-23,P01,C01,6,47.49,296.42
SALE20240529,2024-08-07,P02,C06,5,51.46,282.56
SALE20240530,2024-05-20,P01,C06,12,49.35,569.93
SALE20240531,2024-11-28,P02,C01,13,53.69,699.64
SALE20240532,2024-04-29,P04,C06,3,64.84,213.09
SALE20240533,2024-09-01,P01,C02,19,50.89,897.80
SALE20240534,2024-01-05,P01,C06,11,52.43,584.77
SALE20240535,2024-08-04,P06,C02,16,29.40,435.14
SALE20240536,2024-02-22,P01,C03,12,48.18,645.59
SALE20240537,2024-03-09,P06,C06,5,29.94,135.91
SALE20240538,2024-11-08,P06,C02,15,28.90,432.97
SALE20240539,2024-03-18,P04,C05,15,65.43,1097.45
SALE20240540,2024-02-21,P02,C01,19,51.72,1043.39
SALE20240541,2024-08-07,P03,C02,8,70.92,565.59
SALE20240542,2024-10-10,P05,C05,20,33.83,620.13
SALE20240543,2024-01-14,P06,C03,7,29.78,208.99
SALE20240544,2024-07-19,P03,C06,2,76.17,156.40
SALE20240545,2024-05-02,P04,C04,4,69.19,258.86
SALE20240546,2024-02-06,P05,C01,12,31.21,422.54
SALE20240547,2024-10-18,P04,C03,18,70.04,1273.45
SALE20240548,2024-02-07,P01,C05,3,48.57,135.39
SALE20240549,2024-01-31,P04,C05,10,68.26,700.05
SALE20240550,2024-07-31,P04,C06,13,68.50,813.15
SALE20240551,2024-11-11,P02,C03,3,52.56,151.51
SALE20240552,2024-04-14,P02,C05,11,53.21,564.88
SALE20240553,2024-11-28,P06,C06,3,29.56,85.86
SALE20240554,2024-05-02,P01,C02,3,48.07,162.71
SALE20240555,2024-11-09,P05,C01,10,32.91,334.76
SALE20240556,2024-03-30,P01,C01,5,48.31,260.02
SALE20240557,2024-06-26,P05,C05,9,31.19,272.18
SALE20240558,2024-05-17,P06,C01,1,29.54,28.77
SALE20240559,2024-09-25,P01,C03,19,49.97,974.04
SALE20240560,2024-09-18,P03,C01,16,71.53,1269.10
SALE20240561,2024-03-21,P03,C01,19,71.15,1454.96
SALE20240562,2024-09-17,P01,C01,1,49.85,47.44
SALE20240563,2024-07-15,P02,C02,2,54.67,106.11
SALE20240564,2024-12-01,P04,C02,11,71.09,712.95
SALE20240565,2024-06-12,P03,C01,19,74.02,1370.23
SALE20240566,2024-01-27,P02,C02,17,54.88,978.43
SALE20240567,2024-02-05,P04,C03,10,68.61,658.93
SALE20240568,2024-01-05,P03,C02,10,72.55,749.44
SALE20240569,2024-11-14,P02,C04,12,52.47,641.55
SALE20240570,2024-04-10,P06,C05,8,31.04,221.37
SALE20240571,2024-01-13,P02,C05,12,53.52,647.13
SALE20240572,2024-01-05,P03,C01,13,75.68,1029.15
SALE20240573,2024-02-23,P02,C05,8,54.92,413.26
SALE20240574,2024-03-13,P06,C03,3,28.95,81.11
SALE20240575,2024-09-23,P04,C06,12,69.94,812.20
SALE20240576,2024-10-24,P01,C05,5,49.46,256.81
SALE20240577,2024-10-30,P05,C01,14,31.20,468.34
SALE20240578,2024-05-29,P03,C03,13,75.74,1000.62
SALE20240579,2024-06-11,P04,C03,8,66.22,499.56
SALE20240580,2024-10-26,P01,C02,4,49.82,186.54
SALE20240581,2024-07-27,P01,C05,12,48.53,655.63
SALE20240582,2024-06-06,P04,C03,4,70.35,250.64
SALE20240583,2024-06-04,P06,C06,20,30.75,540.30
SALE20240584,2024-06-16,P02,C01,8,51.96,459.35
SALE20240585,2024-01-26,P06,C03,9,28.78,284.89
SALE20240586,2024-07-26,P04,C05,18,67.99,1167.04
SALE20240587,2024-03-12,P01,C01,2,52.40,106.59
SALE20240588,2024-03-07,P02,C04,12,54.80,653.47
SALE20240589,2024-02-13,P05,C05,9,31.02,315.94
SALE20240590,2024-02-03,P02,C06,15,50.36,836.21
SALE20240591,2024-06-18,P01,C01,15,52.11,682.46
SALE20240592,2024-08-09,P06,C04,16,30.30,431.21
SALE20240593,2024-03-29,P03,C02,6,73.60,424.02
SALE20240594,2024-03-17,P01,C05,20,50.73,1023.19
SALE20240595,2024-09-12,P04,C05,16,66.75,996.12
SALE20240596,2024-03-11,P04,C02,17,71.62,1102.04
SALE20240597,2024-10-05,P01,C04,12,51.40,597.44
SALE20240598,2024-06-25,P05,C05,11,31.36,348.44
SALE20240599,2024-06-12,P05,C02,1,33.30,34.96
SALE20240600,2024-01-30,P04,C05,12,71.66,862.71
SALE20240601,2024-03-22,P01,C02,8,51.57,381.25
SALE20240602,2024-01-29,P02,C05,13,54.28,662.68
SALE20240603,2024-03-29,P02,C02,19,53.75,961.19
SALE20240604,2024-07-02,P05,C01,12,32.61,423.60
SALE20240605,2024-10-15,P02,C04,18,52.45,908.91
SALE20240606,2024-02-16,P01,C02,20,50.12,943.57
SALE20240607,2024-01-01,P03,C05,7,72.82,549.75
SALE20240608,2024-03-31,P03,C01,1,75.51,68.79
SALE20240609,2024-03-13,P01,C05,12,49.36,655.14
SALE20240610,2024-12-05,P04,C05,4,67.04,264.08
SALE20240611,2024-03-21,P06,C04,16,28.78,490.20
SALE20240612,2024-10-14,P06,C05,12,30.01,337.24
SALE20240613,2024-03-30,P04,C03,10,69.81,631.63
SALE20240614,2024-12-25,P05,C04,19,32.73,558.03
SALE20240615,2024-11-09,P02,C06,19,52.48,918.52
SALE20240616,2024-06-18,P06,C01,8,29.21,230.71
SALE20240617,2024-11-21,P01,C06,11,48.82,544.02
SALE20240618,2024-05-07,P06,C01,12,28.58,339.63
SALE20240619,2024-01-01,P01,C04,15,52.34,784.73
SALE20240620,2024-07-30,P04,C04,12,65.53,826.54
SALE20240621,2024-09-02,P05,C06,8,31.02,241.71
SALE20240622,2024-01-18,P03,C01,11,71.07,775.11
SALE20240623,2024-06-24,P02,C04,6,52.75,329.62
SALE20240624,2024-02-17,P03,C05,20,75.51,1596.39
SALE20240625,2024-08-08,P06,C02,20,28.73,641.38
SALE20240626,2024-02-21,P03,C02,7,74.40,508.60
SALE20240627,2024-10-03,P03,C06,10,71.01,710.02
SALE20240628,2024-07-20,P05,C05,16,31.95,482.48
SALE20240629,2024-08-06,P01,C03,20,47.98,995.87
SALE20240630,2024-04-15,P02,C06,10,52.36,575.09
SALE20240631,2024-02-29,P03,C04,16,75.19,1181.42
SALE20240632,2024-02-16,P06,C05,13,30.90,362.38
SALE20240633,2024-07-08,P02,C04,2,52.32,100.03
SALE20240634,2024-04-25,P03,C05,2,75.45,137.67
SALE20240635,2024-02-19,P01,C06,12,49.56,636.85
SALE20240636,2024-10-28,P02,C05,2,54.17,112.16
SALE20240637,2024-08-02,P05,C06,16,31.54,525.94
SALE20240638,2024-06-02,P01,C04,2,51.99,100.02
SALE20240639,2024-10-19,P06,C05,5,30.52,137.45
SALE20240640,2024-03-29,P02,C02,7,52.10,340.02
SALE20240641,2024-12-15,P04,C02,5,66.60,364.05
SALE20240642,2024-02-04,P01,C04,18,49.12,881.35
SALE20240643,2024-05-21,P05,C04,1,32.80,34.26
SALE20240644,2024-09-24,P04,C01,14,68.70,888.55
SALE20240645,2024-10-25,P01,C01,19,51.42,1002.91
SALE20240646,2024-10-01,P03,C04,9,73.89,650.42
SALE20240647,2024-11-07,P04,C01,6,65.82,391.11
SALE20240648,2024-11-07,P06,C06,13,30.91,351.07
SALE20240649,2024-06-18,P06,C02,2,31.00,62.42
SALE20240650,2024-07-09,P01,C03,10,51.70,481.00
SALE20240651,2024-12-22,P06,C01,8,31.16,220.60
SALE20240652,2024-08-14,P03,C03,14,70.96,1057.75
SALE20240653,2024-08-14,P02,C04,16,54.43,883.59
SALE20240654,2024-01-29,P05,C02,3,32.42,93.53
SALE20240655,2024-03-10,P05,C05,1,33.62,30.29
SALE20240656,2024-04-12,P01,C02,2,52.08,99.11
SALE20240657,2024-12-26,P02,C03,12,52.53,670.76
SALE20240658,2024-11-21,P01,C06,1,49.93,47.41
SALE20240659,2024-08-16,P02,C04,19,51.68,1007.74
SALE20240660,2024-05-12,P06,C06,3,29.41,85.41
SALE20240661,2024-03-24,P05,C02,8,32.98,266.84
SALE20240662,2024-05-17,P06,C04,17,30.58,457.20
SALE20240663,2024-12-15,P01,C04,5,50.50,257.32
SALE20240664,2024-01-05,P02,C03,20,51.48,1114.07
SALE20240665,2024-12-29,P06,C03,14,30.80,449.44
SALE20240666,2024-08-23,P03,C02,15,74.15,1066.08
SALE20240667,2024-11-15,P04,C05,4,71.66,246.10
SALE20240668,2024-07-10,P05,C06,20,31.75,662.13
SALE20240669,2024-02-25,P04,C01,11,69.21,824.08
SALE20240670,2024-05-21,P03,C06,10,74.13,693.88
SALE20240671,2024-05-03,P01,C05,13,50.89,670.73
SALE20240672,2024-01-14,P06,C04,10,29.51,283.19
SALE20240673,2024-07-17,P06,C01,19,29.96,588.77
SALE20240674,2024-04-07,P03,C06,8,75.02,614.06
SALE20240675,2024-08-31,P06,C03,17,28.77,485.54
SALE20240676,2024-12-02,P05,C02,10,31.19,297.92
SALE20240677,2024-05-12,P06,C05,6,30.94,194.46
SALE20240678,2024-12-01,P01,C02,12,51.85,566.69
SALE20240679,2024-08-03,P03,C03,9,73.73,677.40
SALE20240680,2024-03-01,P04,C01,19,69.07,1317.58
SALE20240681,2024-08-29,P02,C05,4,51.88,225.43
SALE20240682,2024-06-01,P04,C01,5,66.20,316.50
SALE20240683,2024-07-28,P05,C04,5,33.10,156.05
SALE20240684,2024-02-11,P04,C03,6,65.23,394.22
SALE20240685,2024-08-19,P03,C02,6,71.47,450.77
SALE20240686,2024-02-15,P02,C05,14,51.99,754.62
SALE20240687,2024-09-01,P04,C01,2,69.82,137.42
SALE20240688,2024-01-08,P03,C05,7,70.33,468.06
SALE20240689,2024-05-07,P02,C06,12,50.41,606.32
SALE20240690,2024-09-14,P05,C03,6,30.93,177.50
SALE20240691,2024-05-28,P04,C06,17,67.14,1182.61
SALE20240692,2024-12-17,P02,C03,16,50.86,816.35
SALE20240693,2024-07-25,P01,C02,8,48.15,418.09
SALE20240694,2024-01-12,P05,C05,6,33.08,179.75
SALE20240695,2024-01-20,P04,C06,9,69.09,647.57
SALE20240696,2024-10-31,P01,C06,4,47.59,206.10
SALE20240697,2024-12-19,P01,C04,15,50.23,731.89
SALE20240698,2024-08-30,P06,C02,7,30.14,216.38
SALE20240699,2024-06-03,P04,C06,4,66.68,281.87
SALE20240700,2024-11-06,P06,C02,14,28.57,444.04
SALE20240701,2024-11-12,P01,C03,4,49.98,211.35
SALE20240702,2024-11-07,P02,C03,17,51.75,976.95
SALE20240703,2024-07-28,P03,C02,2,77.04,149.42
SALE20240704,2024-12-18,P04,C03,8,69.42,491.70
SALE20240705,2024-02-26,P05,C06,16,31.07,482.02
SALE20240706,2024-09-18,P01,C06,4,50.71,216.15
SALE20240707,2024-08-21,P03,C03,15,76.32,1010.12
SALE20240708,2024-01-21,P03,C03,11,71.16,801.95
SALE20240709,2024-01-24,P01,C02,6,51.96,289.66
SALE20240710,2024-11-14,P03,C06,3,72.84,216.34
SALE20240711,2024-02-28,P04,C04,15,67.47,977.03
SALE20240712,2024-09-01,P04,C06,6,69.59,377.81
SALE20240713,2024-01-31,P02,C01,14,52.41,795.45
SALE20240714,2024-10-18,P06,C04,6,30.58,182.47
SALE20240715,2024-11-09,P01,C06,5,49.93,249.10
SALE20240716,2024-07-29,P04,C01,3,66.98,194.99
SALE20240717,2024-12-26,P06,C05,19,28.93,590.55
SALE20240718,2024-12-08,P03,C05,17,74.87,1305.36
SALE20240719,2024-08-09,P06,C06,8,30.24,237.14
SALE20240720,2024-11-24,P04,C02,18,69.02,1324.83
SALE20240721,2024-01-06,P06,C02,17,30.80,541.04
SALE20240722,2024-03-25,P01,C04,11,52.34,521.39
SALE20240723,2024-01-26,P05,C02,18,32.09,599.92
SALE20240724,2024-04-30,P01,C04,15,49.73,795.03
SALE20240725,2024-09-12,P04,C03,4,69.92,299.24
SALE20240726,2024-01-10,P01,C04,14,50.24,634.89
SALE20240727,2024-02-16,P05,C05,10,32.60,349.28
SALE20240728,2024-12-01,P06,C04,11,28.42,318.31
SALE20240729,2024-04-24,P04,C03,18,68.93,1294.20
SALE20240730,2024-12-02,P03,C06,15,75.92,1024.31
SALE20240731,2024-04-23,P01,C03,12,52.31,639.46
SALE20240732,2024-05-29,P05,C05,12,30.93,404.51
SALE20240733,2024-03-25,P04,C02,14,69.01,880.39
SALE20240734,2024-04-06,P01,C04,7,51.40,346.92
SALE20240735,2024-06-22,P01,C04,2,51.68,108.51
SALE20240736,2024-10-28,P01,C04,15,52.27,773.61
SALE20240737,2024-03-09,P04,C01,17,68.61,1215.06
SALE20240738,2024-08-09,P05,C04,17,33.73,581.76
SALE20240739,2024-12-20,P05,C02,5,32.91,149.16
SALE20240740,2024-11-06,P03,C05,13,74.81,946.35
SALE20240741,2024-12-20,P02,C03,13,54.97,745.78
SALE20240742,2024-08-19,P02,C02,14,54.53,750.07
SALE20240743,2024-09-19,P03,C06,18,75.57,1428.09
SALE20240744,2024-10-10,P06,C02,7,30.39,196.16
SALE20240745,2024-12-17,P03,C06,5,75.11,405.62
SALE20240746,2024-04-01,P05,C05,11,33.24,371.39
SALE20240747,2024-10-14,P04,C05,19,69.68,1411.56
SALE20240748,2024-12-11,P06,C05,10,29.52,319.96
SALE20240749,2024-01-07,P05,C01,1,30.95,31.63
SALE20240750,2024-01-29,P02,C03,6,53.46,345.46
SALE20240751,2024-03-15,P01,C06,10,50.20,470.31
SALE20240752,2024-07-02,P04,C01,20,69.88,1465.47
SALE20240753,2024-04-24,P06,C06,18,29.78,523.60
SALE20240754,2024-12-22,P03,C06,2,73.17,160.62
SALE20240755,2024-12-16,P03,C05,2,72.16,133.58
SALE20240756,2024-11-13,P04,C02,12,68.57,860.79
SALE20240757,2024-11-04,P02,C06,7,50.81,352.37
SALE20240758,2024-12-15,P01,C02,6,48.09,314.04
SALE20240759,2024-01-21,P04,C03,18,65.94,1170.57
SALE20240760,2024-05-10,P01,C03,15,48.26,781.30
SALE20240761,2024-03-19,P03,C05,2,74.93,156.10
SALE20240762,2024-12-04,P03,C04,19,70.84,1420.11
SALE20240763,2024-12-28,P03,C05,8,74.15,646.11
SALE20240764,2024-09-15,P02,C04,18,50.36,952.00
SALE20240765,2024-04-23,P02,C06,11,51.42,557.99
SALE20240766,2024-11-12,P05,C04,18,33.96,620.96
SALE20240767,2024-01-05,P01,C06,12,52.01,593.36
SALE20240768,2024-11-10,P05,C02,2,31.82,67.17
SALE20240769,2024-02-28,P04,C03,18,65.01,1283.53
SALE20240770,2024-09-21,P03,C05,17,70.62,1244.30
SALE20240771,2024-11-29,P02,C03,17,50.38,817.95
SALE20240772,2024-10-02,P05,C01,3,32.82,91.58
SALE20240773,2024-04-19,P06,C04,4,30.73,111.99
SALE20240774,2024-08-10,P06,C01,5,30.40,134.58
SALE20240775,2024-01-20,P01,C01,2,48.75,93.54
SALE20240776,2024-02-06,P05,C02,9,32.24,286.21
SALE20240777,2024-07-26,P04,C03,1,65.64,66.74
SALE20240778,2024-01-04,P06,C06,20,30.48,543.03
SALE20240779,2024-01-24,P06,C01,12,28.58,387.56
SALE20240780,2024-12-17,P03,C05,3,77.16,212.30
SALE20240781,2024-07-14,P04,C06,1,68.48,67.89
SALE20240782,2024-03-10,P06,C04,18,30.15,513.54
SALE20240783,2024-06-01,P06,C06,12,28.30,389.66
SALE20240784,2024-10-11,P02,C01,2,53.01,94.61
SALE20240785,2024-10-02,P05,C01,10,33.18,305.21
SALE20240786,2024-06-25,P02,C04,17,50.84,828.68
SALE20240787,2024-11-11,P03,C02,4,76.22,277.14
SALE20240788,2024-01-28,P05,C04,18,32.96,533.41
SALE20240789,2024-05-08,P01,C02,19,49.14,947.38
SALE20240790,2024-03-06,P06,C06,8,30.11,218.96
SALE20240791,2024-04-09,P03,C04,15,75.18,1071.89
SALE20240792,2024-12-21,P05,C02,19,33.40,623.83
SALE20240793,2024-08-07,P02,C01,11,51.04,548.18
SALE20240794,2024-11-24,P04,C03,12,69.84,759.10
SALE20240795,2024-09-02,P04,C04,12,68.16,864.01
SALE20240796,2024-02-25,P02,C06,20,51.35,962.21
SALE20240797,2024-03-12,P05,C02,9,32.81,305.22
SALE20240798,2024-02-08,P01,C05,1,50.38,53.12
SALE20240799,2024-10-29,P02,C01,18,54.57,899.76
SALE20240800,2024-10-03,P04,C06,5,66.36,332.09
SALE20240801,2024-10-28,P06,C03,5,29.78,147.70
SALE20240802,2024-07-22,P03,C05,1,76.58,76.41
SALE20240803,2024-11-10,P06,C02,17,28.74,469.37
SALE20240804,2024-10-16,P05,C06,5,32.35,169.64
SALE20240805,2024-07-02,P01,C02,16,48.81,756.93
SALE20240806,2024-04-29,P01,C06,7,51.45,351.18
SALE20240807,2024-07-17,P04,C04,2,69.26,123.94
SALE20240808,2024-02-22,P06,C05,9,29.05,285.68
SALE20240809,2024-10-05,P05,C02,13,31.96,434.15
SALE20240810,2024-11-30,P01,C05,9,52.03,438.78
SALE20240811,2024-09-21,P04,C03,12,68.13,816.85
SALE20240812,2024-11-05,P01,C05,5,48.64,246.95
SALE20240813,2024-09-20,P06,C03,7,28.73,193.68
SALE20240814,2024-11-04,P06,C01,8,29.24,233.94
SALE20240815,2024-02-28,P04,C06,16,68.87,1087.42
SALE20240816,2024-11-27,P04,C01,8,68.75,496.11
SALE20240817,2024-03-23,P02,C06,17,52.88,810.25
SALE20240818,2024-01-29,P02,C03,6,52.00,316.05
SALE20240819,2024-10-15,P06,C01,10,28.91,324.11
SALE20240820,2024-11-06,P04,C04,6,67.64,386.52
SALE20240821,2024-03-14,P05,C02,20,31.64,668.69
SALE20240822,2024-12-17,P03,C04,20,72.00,1506.82
SALE20240823,2024-07-16,P02,C01,1,54.39,49.37
SALE20240824,2024-09-15,P06,C04,5,28.79,151.89
SALE20240825,2024-11-10,P05,C01,18,31.16,583.59
SALE20240826,2024-09-03,P06,C02,20,28.27,599.68
SALE20240827,2024-12-13,P06,C04,17,30.87,497.73
SALE20240828,2024-12-23,P05,C04,8,32.34,281.93
SALE20240829,2024-07-14,P03,C05,19,71.29,1292.88
SALE20240830,2024-09-01,P02,C01,10,52.73,535.32
SALE20240831,2024-05-11,P02,C01,1,50.49,53.32
SALE20240832,2024-01-04,P04,C06,7,66.99,495.69
SALE20240833,2024-07-04,P01,C02,14,48.76,721.08
SALE20240834,2024-10-01,P04,C05,12,71.61,837.33
SALE20240835,2024-07-22,P02,C04,18,52.41,998.64
SALE20240836,2024-07-08,P05,C05,16,31.77,492.87
SALE20240837,2024-06-25,P06,C04,5,30.22,159.31
SALE20240838,2024-04-27,P04,C06,6,68.31,376.76
SALE20240839,2024-06-22,P05,C05,2,33.91,60.40
SALE20240840,2024-01-03,P01,C02,16,49.67,867.96
SALE20240841,2024-02-02,P03,C02,12,70.58,813.42
SALE20240842,2024-07-15,P04,C05,17,71.41,1110.70
SALE20240843,2024-01-30,P02,C06,16,50.93,829.75
SALE20240844,2024-12-02,P05,C03,7,32.72,205.64
SALE20240845,2024-09-21,P06,C02,20,28.37,555.67
SALE20240846,2024-05-02,P06,C01,6,29.08,163.75
SALE20240847,2024-07-23,P03,C06,13,71.78,943.81
SALE20240848,2024-01-08,P06,C06,3,29.90,96.73
SALE20240849,2024-10-13,P05,C03,12,31.68,424.83
SALE20240850,2024-11-06,P02,C04,13,51.25,692.72
SALE20240851,2024-07-27,P05,C01,18,31.73,533.32
SALE20240852,2024-02-29,P05,C03,18,32.64,619.73
SALE20240853,2024-12-21,P04,C04,19,66.50,1292.50
SALE20240854,2024-06-22,P04,C06,15,70.72,1104.94
SALE20240855,2024-09-03,P01,C03,3,51.43,146.45
SALE20240856,2024-04-22,P06,C06,8,29.49,252.29
SALE20240857,2024-06-29,P05,C05,1,31.63,33.70
SALE20240858,2024-05-27,P01,C04,11,52.15,503.26
SALE20240859,2024-08-31,P03,C03,7,72.29,558.85
SALE20240860,2024-12-15,P02,C04,7,51.15,348.01
SALE20240861,2024-05-15,P02,C02,7,54.27,392.12
SALE20240862,2024-07-01,P02,C01,4,53.42,227.65
SALE20240863,2024-12-05,P04,C05,1,68.53,71.86
SALE20240864,2024-01-22,P04,C03,20,70.97,1314.61
SALE20240865,2024-10-21,P03,C04,6,77.08,487.01
SALE20240866,2024-05-23,P04,C02,19,68.43,1200.34
SALE20240867,2024-08-04,P04,C05,2,67.52,136.57
SALE20240868,2024-12-17,P02,C04,4,52.29,218.33
SALE20240869,2024-12-18,P01,C01,7,47.99,341.49
SALE20240870,2024-07-04,P05,C03,6,31.55,196.29
SALE20240871,2024-08-29,P05,C03,12,32.15,364.22
SALE20240872,2024-08-02,P06,C03,12,29.09,382.30
SALE20240873,2024-04-02,P05,C02,19,33.42,638.50
SALE20240874,2024-05-18,P02,C05,14,50.90,787.38
SALE20240875,2024-03-17,P04,C01,6,65.76,403.07
SALE20240876,2024-11-18,P05,C05,11,31.75,376.74
SALE20240877,2024-10-14,P05,C01,13,31.31,387.42
SALE20240878,2024-04-20,P03,C04,4,72.78,293.03
SALE20240879,2024-07-03,P03,C05,18,72.21,1447.04
SALE20240880,2024-01-11,P04,C01,12,71.41,879.17
SALE20240881,2024-04-11,P05,C05,18,33.31,545.24
SALE20240882,2024-06-30,P03,C06,17,75.75,1254.85
SALE20240883,2024-02-10,P04,C05,10,71.37,677.55
SALE20240884,2024-03-26,P06,C03,14,29.96,427.44
SALE20240885,2024-02-06,P01,C02,11,49.07,520.00
SALE20240886,2024-05-29,P06,C03,20,29.07,612.21
SALE20240887,2024-08-15,P03,C06,19,73.63,1411.89
SALE20240888,2024-03-26,P02,C01,5,53.35,274.46
SALE20240889,2024-12-24,P06,C01,7,28.57,194.38
SALE20240890,2024-02-02,P04,C05,2,67.55,123.57
SALE20240891,2024-02-12,P01,C03,20,50.76,930.87
SALE20240892,2024-07-18,P03,C02,8,73.58,620.13
SALE20240893,2024-03-05,P02,C05,6,53.36,285.30
SALE20240894,2024-06-15,P04,C04,18,68.58,1335.34
SALE20240895,2024-03-10,P06,C05,6,29.62,181.74
SALE20240896,2024-11-21,P05,C04,17,32.51,566.20
SALE20240897,2024-06-26,P04,C05,8,67.85,579.27
SALE20240898,2024-07-06,P04,C03,5,64.84,327.84
SALE20240899,2024-03-10,P03,C03,16,75.39,1192.31
SALE20240900,2024-09-08,P04,C03,1,70.28,71.88
SALE20240901,2024-11-01,P02,C01,18,52.04,921.12
SALE20240902,2024-10-14,P04,C04,8,69.87,509.23
SALE20240903,2024-07-18,P04,C02,9,69.11,562.56
SALE20240904,2024-09-21,P05,C06,9,33.19,279.04
SALE20240905,2024-05-17,P04,C02,3,66.81,191.74
SALE20240906,2024-11-22,P04,C05,15,69.09,977.09
SALE20240907,2024-04-06,P03,C01,5,74.26,336.67
SALE20240908,2024-04-05,P01,C03,9,49.68,416.17
SALE20240909,2024-01-05,P02,C01,5,51.02,237.02
SALE20240910,2024-08-03,P03,C04,12,76.16,881.55
SALE20240911,2024-06-18,P01,C02,2,49.45,95.31
SALE20240912,2024-10-05,P04,C02,7,66.54,515.56
SALE20240913,2024-07-14,P01,C01,8,52.36,390.71
SALE20240914,2024-05-06,P06,C01,7,30.56,206.62
SALE20240915,2024-09-23,P06,C02,16,31.12,465.44
SALE20240916,2024-06-14,P02,C06,2,52.76,110.14
SALE20240917,2024-03-03,P03,C04,10,76.87,695.41
SALE20240918,2024-12-07,P02,C01,8,51.58,431.16
SALE20240919,2024-03-26,P03,C05,4,72.10,289.83
SALE20240920,2024-01-22,P05,C06,16,31.28,537.93
SALE20240921,2024-02-15,P02,C02,16,53.12,771.36
SALE20240922,2024-11-16,P01,C01,12,51.00,617.23
SALE20240923,2024-02-24,P02,C04,8,52.81,404.61
SALE20240924,2024-11-26,P03,C04,7,73.10,468.41
SALE20240925,2024-03-09,P03,C01,16,74.44,1232.93
SALE20240926,2024-10-04,P06,C04,7,29.88,211.03
SALE20240927,2024-06-14,P06,C04,9,30.04,287.44
SALE20240928,2024-10-10,P02,C01,17,51.43,830.92
SALE20240929,2024-05-14,P05,C03,15,32.85,437.47
SALE20240930,2024-07-13,P06,C02,1,29.35,30.46
SALE20240931,2024-11-13,P02,C03,3,52.70,162.49
SALE20240932,2024-07-17,P02,C05,16,50.68,884.64
SALE20240933,2024-05-24,P03,C04,11,74.17,750.58
SALE20240934,2024-02-04,P01,C02,6,48.50,322.35
SALE20240935,2024-09-05,P02,C01,2,54.27,106.49
SALE20240936,2024-12-02,P04,C05,20,66.58,1419.96
SALE20240937,2024-07-06,P02,C05,3,54.71,142.16
SALE20240938,2024-12-01,P04,C01,15,65.25,1085.38
SALE20240939,2024-10-12,P06,C04,12,28.44,378.01
SALE20240940,2024-11-11,P03,C05,2,76.47,154.94
SALE20240941,2024-02-09,P02,C05,4,51.09,193.25
SALE20240942,2024-07-16,P02,C02,17,52.87,920.50
SALE20240943,2024-04-01,P05,C06,18,31.12,573.31
SALE20240944,2024-11-22,P05,C03,15,32.16,505.69
SALE20240945,2024-02-23,P02,C02,18,51.65,926.39
SALE20240946,2024-03-21,P05,C05,15,33.70,528.14
SALE20240947,2024-10-08,P03,C03,14,73.49,1090.74
SALE20240948,2024-06-14,P05,C02,19,32.00,621.22
SALE20240949,2024-10-08,P06,C03,12,29.59,389.96
SALE20240950,2024-07-22,P01,C06,2,50.47,109.64
SALE20240951,2024-09-22,P02,C03,1,51.04,50.40
SALE20240952,2024-06-10,P01,C06,9,50.05,487.62
SALE20240953,2024-10-19,P05,C02,4,31.93,117.62
SALE20240954,2024-03-11,P03,C03,19,72.20,1335.66
SALE20240955,2024-06-02,P01,C05,13,48.58,658.85
SALE20240956,2024-02-09,P06,C03,16,30.72,444.86
SALE20240957,2024-12-19,P06,C05,4,29.16,121.27
SALE20240958,2024-10-22,P04,C01,2,67.12,148.02
SALE20240959,2024-08-10,P04,C01,8,70.64,573.05
SALE20240960,2024-01-06,P06,C06,13,29.82,352.26
SALE20240961,2024-06-12,P05,C05,5,33.04,156.39
SALE20240962,2024-03-19,P01,C06,13,51.25,711.09
SALE20240963,2024-10-21,P05,C01,8,33.33,255.67
SALE20240964,2024-03-16,P02,C03,3,53.79,156.74
SALE20240965,2024-10-07,P04,C03,3,67.80,200.59
SALE20240966,2024-12-23,P02,C02,16,52.44,849.96
SALE20240967,2024-11-29,P05,C02,18,33.16,596.73
SALE20240968,2024-05-06,P02,C01,9,51.57,498.65
SALE20240969,2024-10-21,P01,C01,14,49.23,689.16
SALE20240970,2024-06-13,P03,C05,1,71.55,77.99
SALE20240971,2024-06-28,P05,C04,20,30.93,602.10
SALE20240972,2024-04-29,P02,C06,12,53.70,586.65
SALE20240973,2024-02-13,P01,C06,2,50.59,94.84
SALE20240974,2024-03-16,P03,C01,11,71.12,845.55
SALE20240975,2024-08-18,P04,C01,11,68.51,707.06
SALE20240976,2024-04-14,P05,C05,9,32.80,294.45
SALE20240977,2024-03-13,P06,C06,1,30.96,29.02
SALE20240978,2024-09-26,P01,C03,6,48.49,273.55
SALE20240979,2024-12-22,P05,C03,2,33.84,64.35
SALE20240980,2024-02-04,P04,C06,9,71.07,634.27
SALE20240981,2024-07-03,P01,C01,10,50.74,536.63
SALE20240982,2024-04-28,P04,C05,4,68.15,295.05
SALE20240983,2024-11-01,P05,C01,6,33.91,182.69
SALE20240984,2024-10-14,P06,C01,2,29.84,56.49
SALE20240985,2024-06-19,P04,C04,6,69.51,370.05
SALE20240986,2024-06-30,P06,C03,8,31.17,261.61
SALE20240987,2024-05-21,P01,C06,9,51.94,483.98
SALE20240988,2024-01-16,P05,C03,8,33.69,241.14
SALE20240989,2024-12-02,P02,C01,13,53.43,685.33
SALE20240990,2024-11-16,P06,C02,14,28.72,394.87
SALE20240991,2024-06-08,P05,C03,15,31.45,490.11
SALE20240992,2024-03-11,P05,C05,7,31.78,243.25
SALE20240993,2024-12-27,P05,C02,14,33.94,498.57
SALE20240994,2024-03-15,P06,C05,6,29.92,171.98
SALE20240995,2024-03-01,P02,C03,5,53.89,274.42
SALE20240996,2024-07-30,P04,C03,15,70.45,1074.04
SALE20240997,2024-11-22,P06,C03,5,28.58,157.05
SALE20240998,2024-04-04,P01,C05,20,50.33,953.18
SALE20240999,2024-04-28,P05,C02,8,31.94,268.91
SALE20241000,2024-12-18,P04,C02,17,68.04,1240.57
SALE20250001,2025-11-29,P03,C02,13,71.32,960.35
SALE20250002,2025-04-09,P02,C01,14,49.95,773.89
SALE20250003,2025-05-19,P04,C02,7,65.29,502.38
SALE20250004,2025-08-13,P05,C04,11,33.66,382.54
SALE20250005,2025-08-07,P04,C01,20,67.43,1429.25
SALE20250006,2025-06-10,P04,C05,19,68.42,1321.08
SALE20250007,2025-12-27,P01,C05,4,51.62,198.02
SALE20250008,2025-01-22,P02,C05,18,53.73,925.27
SALE20250009,2025-10-13,P04,C05,2,67.84,128.03
SALE20250010,2025-06-05,P03,C04,6,74.84,437.11
SALE20250011,2025-01-28,P06,C05,5,30.18,147.67
SALE20250012,2025-02-16,P06,C05,4,30.00,111.38
SALE20250013,2025-12-23,P05,C02,13,32.24,413.92
SALE20250014,2025-04-02,P04,C05,7,65.45,514.30
SALE20250015,2025-06-15,P06,C06,6,28.63,186.30
SALE20250016,2025-02-28,P06,C04,12,30.37,327.39
SALE20250017,2025-09-19,P05,C02,13,30.92,425.44
SALE20250018,2025-03-29,P03,C05,5,71.37,345.00
SALE20250019,2025-12-31,P01,C04,10,51.33,480.86
SALE20250020,2025-08-17,P03,C06,6,71.27,410.04
SALE20250021,2025-04-14,P01,C05,9,49.98,406.02
SALE20250022,2025-09-13,P05,C01,20,31.55,697.60
SALE20250023,2025-10-29,P06,C04,15,28.50,438.23
SALE20250024,2025-11-04,P01,C02,18,50.63,859.89
SALE20250025,2025-04-17,P01,C02,5,49.24,227.71
SALE20250026,2025-03-16,P01,C06,19,48.98,1014.02
SALE20250027,2025-02-14,P01,C01,14,48.30,768.97
SALE20250028,2025-05-26,P05,C06,20,32.60,657.37
SALE20250029,2025-08-22,P06,C05,12,28.54,387.81
SALE20250030,2025-06-03,P03,C03,13,75.91,1023.62
SALE20250031,2025-10-09,P01,C03,16,50.96,741.38
SALE20250032,2025-05-21,P03,C05,14,75.45,1041.11
SALE20250033,2025-11-10,P01,C01,19,50.63,993.45
SALE20250034,2025-02-14,P04,C06,20,71.57,1483.45
SALE20250035,2025-05-28,P04,C05,11,68.76,714.66
SALE20250036,2025-11-16,P03,C02,20,74.15,1498.54
SALE20250037,2025-11-20,P04,C04,6,66.43,440.92
SALE20250038,2025-05-29,P02,C01,4,53.16,190.01
SALE20250039,2025-03-02,P06,C02,20,29.49,654.38
SALE20250040,2025-06-20,P03,C05,7,71.79,467.37
SALE20250041,2025-05-25,P03,C01,10,74.37,710.44
SALE20250042,2025-01-04,P01,C06,11,51.11,532.44
SALE20250043,2025-11-12,P01,C02,7,49.18,338.07
SALE20250044,2025-12-11,P04,C04,2,68.12,140.48
SALE20250045,2025-11-18,P04,C05,11,70.39,745.11
SALE20250046,2025-01-29,P05,C03,19,31.80,643.30
SALE20250047,2025-10-02,P01,C02,19,51.49,985.05
SALE20250048,2025-07-01,P01,C02,9,49.19,480.57
SALE20250049,2025-07-12,P06,C05,6,29.42,181.03
SALE20250050,2025-11-01,P01,C03,11,48.85,572.97
SALE20250051,2025-02-14,P04,C02,12,71.33,811.12
SALE20250052,2025-04-21,P05,C03,6,33.32,179.32
SALE20250053,2025-04-14,P01,C04,17,49.90,769.09
SALE20250054,2025-09-14,P02,C02,11,53.72,626.43
SALE20250055,2025-09-26,P03,C03,5,71.03,389.94
SALE20250056,2025-09-22,P06,C02,7,29.63,217.60
SALE20250057,2025-09-25,P01,C01,10,50.93,543.13
SALE20250058,2025-11-01,P01,C03,15,48.01,808.22
SALE20250059,2025-12-04,P06,C03,1,29.19,30.21
SALE20250060,2025-04-18,P03,C02,7,74.24,495.89
SALE20250061,2025-08-14,P06,C01,9,29.08,248.97
SALE20250062,2025-01-08,P05,C05,17,32.54,507.00
SALE20250063,2025-10-09,P03,C03,5,76.25,402.80
SALE20250064,2025-10-21,P02,C02,3,54.56,151.56
SALE20250065,2025-10-04,P04,C01,5,71.00,309.10
SALE20250066,2025-01-26,P01,C04,2,49.45,91.70
SALE20250067,2025-12-27,P05,C05,15,31.79,497.31
SALE20250068,2025-04-12,P06,C06,18,31.01,490.36
SALE20250069,2025-08-27,P05,C02,3,33.76,103.28
SALE20250070,2025-08-28,P01,C04,10,51.04,518.34
SALE20250071,2025-08-27,P04,C02,8,70.95,507.09
SALE20250072,2025-05-13,P03,C04,6,75.22,461.73
SALE20250073,2025-06-16,P04,C04,1,65.61,62.32
SALE20250074,2025-09-03,P04,C02,10,68.96,719.07
SALE20250075,2025-03-07,P05,C01,13,33.36,447.95
SALE20250076,2025-06-16,P05,C06,3,32.51,102.88
SALE20250077,2025-07-25,P05,C04,8,32.56,265.47
SALE20250078,2025-09-04,P04,C01,11,69.57,706.94
SALE20250079,2025-08-09,P04,C05,11,66.45,757.44
SALE20250080,2025-12-06,P06,C01,19,28.60,603.32
SALE20250081,2025-11-02,P04,C03,18,67.88,1129.64
SALE20250082,2025-06-07,P04,C01,20,70.39,1258.19
SALE20250083,2025-07-14,P03,C04,2,76.35,135.88
SALE20250084,2025-10-25,P06,C01,5,29.61,153.54
SALE20250085,2025-05-30,P04,C05,19,66.24,1283.05
SALE20250086,2025-06-12,P03,C05,10,77.23,801.94
SALE20250087,2025-06-26,P01,C05,1,50.04,51.10
SALE20250088,2025-03-07,P03,C01,12,77.46,959.23
SALE20250089,2025-01-01,P06,C05,12,29.10,329.13
SALE20250090,2025-01-16,P02,C04,19,51.55,976.41
SALE20250091,2025-07-15,P04,C04,14,69.36,964.12
SALE20250092,2025-09-01,P02,C02,18,54.73,923.19
SALE20250093,2025-08-02,P02,C03,5,50.25,243.30
SALE20250094,2025-01-09,P02,C06,16,54.99,866.53
SALE20250095,2025-03-11,P01,C02,14,51.96,750.27
SALE20250096,2025-12-23,P05,C04,20,32.43,606.50
SALE20250097,2025-10-10,P04,C04,12,67.74,774.08
SALE20250098,2025-01-04,P05,C04,8,31.65,270.20
SALE20250099,2025-10-07,P05,C03,2,32.62,71.00
SALE20250100,2025-12-27,P03,C01,19,75.41,1400.81
SALE20250101,2025-03-14,P06,C06,17,31.19,554.66
SALE20250102,2025-05-24,P04,C05,3,69.00,205.71
SALE20250103,2025-05-06,P04,C06,3,68.52,212.29
SALE20250104,2025-10-24,P03,C05,2,74.26,159.95
SALE20250105,2025-01-06,P04,C04,17,68.75,1254.48
SALE20250106,2025-06-19,P04,C03,10,65.08,653.73
SALE20250107,2025-11-02,P06,C03,19,30.13,538.17
SALE20250108,2025-10-24,P02,C05,2,51.41,108.28
SALE20250109,2025-11-16,P01,C03,16,50.02,733.05
SALE20250110,2025-05-23,P03,C02,20,76.65,1415.17
SALE20250111,2025-01-08,P06,C01,20,30.02,556.28
SALE20250112,2025-03-19,P06,C04,12,29.04,378.98
SALE20250113,2025-12-25,P02,C04,6,54.40,333.86
SALE20250114,2025-06-25,P01,C02,20,48.26,1086.57
SALE20250115,2025-09-11,P04,C04,8,69.79,563.54
SALE20250116,2025-03-27,P02,C05,12,51.26,573.85
SALE20250117,2025-03-01,P01,C02,15,49.00,734.66
SALE20250118,2025-09-30,P02,C04,13,50.64,679.03
SALE20250119,2025-08-11,P01,C03,15,49.07,732.15
SALE20250120,2025-09-29,P06,C01,4,30.16,128.94
SALE20250121,2025-08-10,P05,C06,9,31.65,281.98
SALE20250122,2025-02-20,P03,C06,19,76.02,1375.39
SALE20250123,2025-05-04,P06,C06,19,29.81,595.83
SALE20250124,2025-12-13,P06,C02,11,30.26,330.37
SALE20250125,2025-02-04,P01,C04,4,50.92,200.97
SALE20250126,2025-06-29,P02,C06,10,50.05,498.95
SALE20250127,2025-11-14,P01,C01,20,51.67,1031.11
SALE20250128,2025-11-03,P06,C01,4,30.06,109.16
SALE20250129,2025-07-12,P06,C06,19,28.81,599.53
SALE20250130,2025-02-26,P06,C02,9,30.23,256.75
SALE20250131,2025-02-08,P06,C04,9,30.32,282.17
SALE20250132,2025-12-08,P03,C03,6,72.35,468.93
SALE20250133,2025-02-01,P04,C04,11,66.60,825.22
SALE20250134,2025-05-16,P02,C04,3,54.75,157.24
SALE20250135,2025-11-09,P04,C02,16,68.53,1006.48
SALE20250136,2025-08-09,P02,C05,4,53.63,227.33
SALE20250137,2025-02-22,P01,C01,3,48.74,152.11
SALE20250138,2025-08-17,P01,C04,5,47.49,257.59
SALE20250139,2025-01-20,P06,C04,9,29.24,249.09
SALE20250140,2025-07-20,P05,C01,17,33.28,573.67
SALE20250141,2025-09-02,P04,C04,3,64.86,206.39
SALE20250142,2025-12-19,P04,C01,19,71.61,1305.91
SALE20250143,2025-06-20,P06,C03,13,31.23,352.34
SALE20250144,2025-11-28,P01,C03,18,49.19,963.41
SALE20250145,2025-08-24,P03,C06,7,70.59,484.50
SALE20250146,2025-07-16,P06,C02,10,30.93,309.15
SALE20250147,2025-11-19,P06,C03,16,30.15,436.48
SALE20250148,2025-04-08,P02,C01,7,55.11,332.61
SALE20250149,2025-05-03,P04,C04,3,69.23,216.74
SALE20250150,2025-09-13,P05,C04,1,30.96,29.40
SALE20250151,2025-01-22,P04,C01,7,69.39,507.09
SALE20250152,2025-08-23,P06,C05,5,28.96,155.92
SALE20250153,2025-02-06,P01,C06,5,47.59,249.39
SALE20250154,2025-11-13,P01,C02,5,50.65,225.67
SALE20250155,2025-06-07,P01,C04,20,50.45,933.95
SALE20250156,2025-02-24,P01,C04,20,48.59,1059.62
SALE20250157,2025-04-14,P04,C03,13,71.50,856.06
SALE20250158,2025-10-22,P05,C02,11,33.35,380.38
SALE20250159,2025-01-24,P05,C02,11,31.67,325.27
SALE20250160,2025-08-01,P02,C06,12,52.18,636.73
SALE20250161,2025-10-25,P01,C02,4,50.65,211.60
SALE20250162,2025-07-12,P02,C01,16,49.91,769.56
SALE20250163,2025-02-15,P06,C06,19,29.50,608.99
SALE20250164,2025-09-01,P06,C02,7,29.07,193.38
SALE20250165,2025-08-19,P04,C02,6,65.09,418.55
SALE20250166,2025-04-03,P06,C04,20,30.13,648.59
SALE20250167,2025-06-04,P03,C04,1,71.72,74.85
SALE20250168,2025-09-29,P01,C05,12,52.42,643.40
SALE20250169,2025-09-17,P02,C04,7,50.89,351.07
SALE20250170,2025-03-18,P06,C04,16,30.26,445.19
SALE20250171,2025-01-23,P01,C06,12,49.66,574.09
SALE20250172,2025-06-21,P05,C04,2,30.95,59.67
SALE20250173,2025-10-03,P02,C02,1,50.48,52.34
SALE20250174,2025-05-01,P06,C04,19,29.51,574.27
SALE20250175,2025-12-13,P03,C02,4,71.03,285.71
SALE20250176,2025-07-31,P02,C04,8,52.95,384.18
SALE20250177,2025-01-28,P04,C02,7,67.94,518.63
SALE20250178,2025-07-18,P03,C02,15,74.98,1158.80
SALE20250179,2025-05-19,P02,C03,5,52.86,237.93
SALE20250180,2025-05-24,P02,C01,15,50.77,780.98
SALE20250181,2025-06-25,P02,C03,20,54.05,977.93
SALE20250182,2025-11-10,P02,C05,18,50.33,1012.10
SALE20250183,2025-09-25,P04,C02,19,68.00,1289.87
SALE20250184,2025-01-08,P06,C04,8,29.55,226.00
SALE20250185,2025-04-24,P05,C02,19,32.13,664.63
SALE20250186,2025-01-23,P01,C04,17,50.15,770.56
SALE20250187,2025-09-03,P06,C01,15,28.51,445.83
SALE20250188,2025-01-07,P06,C06,14,28.66,453.98
SALE20250189,2025-06-01,P02,C06,3,53.39,142.25
SALE20250190,2025-03-24,P06,C04,19,28.34,593.21
SALE20250191,2025-08-21,P04,C02,13,70.79,831.34
SALE20250192,2025-11-17,P04,C06,1,65.32,73.17
SALE20250193,2025-12-20,P03,C05,2,75.87,141.98
SALE20250194,2025-12-24,P05,C05,19,33.33,651.86
SALE20250195,2025-02-11,P05,C03,2,33.73,64.99
SALE20250196,2025-07-06,P01,C01,13,50.59,632.40
SALE20250197,2025-07-07,P03,C02,18,74.45,1386.58
SALE20250198,2025-04-15,P02,C03,8,53.28,423.33
SALE20250199,2025-10-25,P06,C02,8,30.93,229.45
SALE20250200,2025-09-15,P06,C04,9,29.37,243.89
SALE20250201,2025-08-20,P04,C05,17,68.05,1236.72
SALE20250202,2025-09-30,P06,C05,10,29.36,294.64
SALE20250203,2025-12-11,P06,C01,7,29.62,224.57
SALE20250204,2025-02-11,P04,C02,10,65.36,745.05
SALE20250205,2025-03-26,P03,C01,5,76.77,369.73
SALE20250206,2025-09-24,P06,C01,10,30.29,292.53
SALE20250207,2025-03-09,P04,C03,14,69.24,944.77
SALE20250208,2025-05-30,P02,C01,1,51.09,56.40
SALE20250209,2025-09-24,P06,C03,14,30.21,423.06
SALE20250210,2025-06-17,P04,C05,17,67.88,1239.59
SALE20250211,2025-06-05,P05,C02,10,31.62,302.73
SALE20250212,2025-09-05,P03,C03,2,72.40,137.59
SALE20250213,2025-03-27,P05,C02,18,33.93,558.15
SALE20250214,2025-12-29,P06,C06,5,28.61,138.67
SALE20250215,2025-06-12,P05,C02,15,31.38,462.71
SALE20250216,2025-10-15,P06,C01,11,28.70,358.54
SALE20250217,2025-08-18,P05,C02,18,33.76,560.05
SALE20250218,2025-07-27,P04,C02,15,65.90,1111.34
SALE20250219,2025-10-07,P05,C03,10,31.72,322.31
SALE20250220,2025-10-21,P06,C02,19,31.01,591.09
SALE20250221,2025-06-23,P06,C01,16,28.68,514.10
SALE20250222,2025-10-10,P01,C03,1,51.69,49.01
SALE20250223,2025-08-17,P03,C01,11,75.05,741.56
SALE20250224,2025-10-26,P05,C02,9,31.05,273.85
SALE20250225,2025-08-17,P06,C06,3,29.44,97.74
SALE20250226,2025-09-09,P03,C05,20,70.71,1483.42
SALE20250227,2025-12-08,P03,C04,5,73.46,385.98
SALE20250228,2025-07-17,P03,C01,10,72.58,717.05
SALE20250229,2025-08-17,P05,C01,7,32.22,237.14
SALE20250230,2025-08-01,P04,C03,6,71.46,434.53
SALE20250231,2025-08-06,P06,C04,5,30.04,158.73
SALE20250232,2025-03-15,P02,C03,16,52.63,922.05
SALE20250233,2025-06-21,P01,C05,13,49.54,596.38
SALE20250234,2025-05-20,P04,C02,18,68.71,1219.19
SALE20250235,2025-03-12,P02,C02,13,52.45,653.76
SALE20250236,2025-06-04,P05,C03,16,32.28,524.55
SALE20250237,2025-01-14,P01,C02,9,50.69,431.93
SALE20250238,2025-11-22,P04,C01,10,68.19,671.19
SALE20250239,2025-12-19,P06,C02,1,29.09,27.49
SALE20250240,2025-02-04,P05,C06,12,32.61,395.10
SALE20250241,2025-05-13,P06,C06,16,30.70,521.15
SALE20250242,2025-07-11,P05,C06,19,31.62,556.20
SALE20250243,2025-10-25,P01,C02,11,50.96,545.61
SALE20250244,2025-07-02,P02,C01,9,53.22,459.38
SALE20250245,2025-07-02,P01,C03,10,52.17,502.86
SALE20250246,2025-09-21,P02,C06,6,53.02,331.68
SALE20250247,2025-03-27,P05,C03,11,33.00,379.70
SALE20250248,2025-06-04,P03,C06,12,74.59,816.22
SALE20250249,2025-03-15,P01,C02,17,51.38,812.68
SALE20250250,2025-07-30,P03,C02,4,74.03,279.30
SALE20250251,2025-04-07,P05,C05,17,33.09,588.92
SALE20250252,2025-12-26,P01,C04,15,48.07,812.24
SALE20250253,2025-03-09,P01,C04,12,49.30,577.27
SALE20250254,2025-08-15,P05,C05,11,31.77,333.03
SALE20250255,2025-03-02,P02,C02,5,51.49,272.37
SALE20250256,2025-04-18,P02,C01,14,53.99,763.05
SALE20250257,2025-02-09,P01,C04,14,48.03,635.83
SALE20250258,2025-12-04,P05,C05,2,33.72,64.40
SALE20250259,2025-01-23,P01,C03,1,51.40,52.53
SALE20250260,2025-11-05,P02,C05,7,51.72,344.33
SALE20250261,2025-02-16,P02,C06,9,51.70,514.91
SALE20250262,2025-03-24,P05,C06,20,32.63,614.54
SALE20250263,2025-02-20,P05,C01,17,31.40,519.62
SALE20250264,2025-05-25,P02,C05,1,50.39,57.47
SALE20250265,2025-04-20,P05,C06,16,32.69,504.55
SALE20250266,2025-08-14,P06,C01,6,31.18,190.45
SALE20250267,2025-08-06,P02,C05,8,53.87,412.24
SALE20250268,2025-06-10,P01,C04,4,49.97,200.75
SALE20250269,2025-07-04,P06,C03,18,28.51,559.29
SALE20250270,2025-09-10,P01,C04,10,51.17,495.60
SALE20250271,2025-12-18,P04,C02,18,71.56,1205.72
SALE20250272,2025-08-08,P02,C01,16,51.80,913.77
SALE20250273,2025-01-07,P06,C04,4,29.82,116.53
SALE20250274,2025-12-13,P01,C01,5,50.96,244.69
SALE20250275,2025-02-22,P06,C02,3,28.85,86.82
SALE20250276,2025-04-13,P05,C04,4,32.16,122.68
SALE20250277,2025-09-13,P03,C06,19,75.90,1432.33
SALE20250278,2025-11-26,P04,C03,16,71.32,1128.40
SALE20250279,2025-09-06,P05,C03,5,31.13,170.68
SALE20250280,2025-05-09,P04,C04,8,65.76,560.02
SALE20250281,2025-02-20,P06,C01,3,28.34,89.22
SALE20250282,2025-04-02,P04,C05,11,69.08,698.61
SALE20250283,2025-02-19,P01,C06,17,51.45,895.31
SALE20250284,2025-04-14,P03,C06,16,72.24,1181.69
SALE20250285,2025-06-25,P05,C05,1,30.88,35.33
SALE20250286,2025-08-09,P01,C04,15,49.37,722.04
SALE20250287,2025-08-24,P01,C01,6,51.79,303.34
SALE20250288,2025-06-05,P06,C02,16,29.19,469.40
SALE20250289,2025-07-19,P04,C01,19,69.34,1342.14
SALE20250290,2025-12-17,P05,C05,16,33.55,515.90
SALE20250291,2025-09-17,P01,C04,9,52.34,449.43
SALE20250292,2025-11-12,P06,C03,10,28.35,286.82
SALE20250293,2025-01-24,P02,C03,12,52.94,669.00
SALE20250294,2025-11-17,P03,C04,4,77.64,291.75
SALE20250295,2025-07-30,P03,C01,8,75.10,562.12
SALE20250296,2025-10-31,P01,C06,3,48.06,161.04
SALE20250297,2025-03-28,P01,C05,11,50.78,499.01
SALE20250298,2025-08-05,P05,C05,14,33.03,432.43
SALE20250299,2025-10-29,P01,C03,13,49.10,659.01
SALE20250300,2025-02-20,P04,C01,7,68.27,462.08
SALE20250301,2025-12-08,P03,C02,20,77.47,1420.66
SALE20250302,2025-04-14,P04,C06,3,68.49,218.69
SALE20250303,2025-05-28,P03,C01,10,73.28,813.44
SALE20250304,2025-04-26,P05,C06,3,32.65,101.43
SALE20250305,2025-10-31,P03,C03,3,74.23,224.95
SALE20250306,2025-08-07,P02,C03,3,51.46,162.27
SALE20250307,2025-06-03,P04,C06,18,67.67,1182.64
SALE20250308,2025-05-09,P05,C05,15,32.55,502.68
SALE20250309,2025-01-10,P06,C06,17,29.98,542.44
SALE20250310,2025-04-20,P06,C06,15,30.16,425.54
SALE20250311,2025-11-11,P04,C05,2,67.32,137.11
SALE20250312,2025-03-17,P02,C02,10,52.03,561.13
SALE20250313,2025-02-02,P06,C02,14,29.12,397.09
SALE20250314,2025-03-24,P03,C06,20,72.06,1401.89
SALE20250315,2025-03-18,P02,C01,8,51.51,444.95
SALE20250316,2025-09-06,P05,C04,14,30.90,466.93
SALE20250317,2025-03-23,P03,C02,1,76.25,70.42
SALE20250318,2025-12-04,P05,C02,2,32.35,70.81
SALE20250319,2025-01-11,P01,C01,11,51.83,561.06
SALE20250320,2025-07-28,P03,C06,3,76.51,217.42
SALE20250321,2025-03-13,P02,C01,19,54.77,1044.28
SALE20250322,2025-09-25,P06,C05,17,30.89,480.65
SALE20250323,2025-05-02,P05,C01,11,32.67,344.23
SALE20250324,2025-07-19,P06,C06,8,28.91,258.73
SALE20250325,2025-02-24,P02,C02,9,51.21,466.78
SALE20250326,2025-10-29,P01,C04,18,52.23,877.27
SALE20250327,2025-06-12,P05,C04,16,33.90,537.35
SALE20250328,2025-03-16,P03,C04,12,70.46,945.07
SALE20250329,2025-11-07,P01,C06,2,51.43,103.79
SALE20250330,2025-05-03,P03,C05,13,77.39,925.30
SALE20250331,2025-07-05,P06,C01,18,30.81,574.80
SALE20250332,2025-07-18,P01,C04,9,52.17,431.99
SALE20250333,2025-05-01,P03,C02,6,74.97,480.93
SALE20250334,2025-11-26,P04,C01,9,70.46,659.27
SALE20250335,2025-09-09,P04,C06,14,67.11,1037.00
SALE20250336,2025-08-05,P01,C02,9,49.25,450.48
SALE20250337,2025-11-05,P06,C05,11,28.34,324.19
SALE20250338,2025-01-27,P06,C06,6,30.62,183.15
SALE20250339,2025-03-11,P01,C04,7,49.06,358.91
SALE20250340,2025-02-12,P01,C02,8,52.34,401.23
SALE20250341,2025-11-29,P02,C05,14,51.55,778.02
SALE20250342,2025-09-02,P06,C02,9,30.03,250.26
SALE20250343,2025-06-17,P03,C02,3,71.65,218.20
SALE20250344,2025-07-13,P05,C02,1,33.77,35.30
SALE20250345,2025-11-28,P05,C06,8,33.94,280.29
SALE20250346,2025-04-12,P03,C06,6,74.87,404.02
SALE20250347,2025-11-04,P03,C02,3,71.56,242.34
SALE20250348,2025-10-18,P01,C01,17,52.09,838.81
SALE20250349,2025-08-21,P06,C04,4,28.87,112.44
SALE20250350,2025-05-17,P03,C06,16,73.49,1156.08
SALE20250351,2025-04-16,P05,C02,10,31.39,338.69
SALE20250352,2025-04-03,P04,C02,1,66.62,65.39
SALE20250353,2025-11-13,P04,C02,12,69.25,832.58
SALE20250354,2025-02-13,P01,C04,5,52.36,268.52
SALE20250355,2025-07-23,P06,C02,13,30.45,402.87
SALE20250356,2025-05-12,P01,C01,18,49.15,820.41
SALE20250357,2025-05-01,P04,C03,20,71.44,1484.93
SALE20250358,2025-11-03,P06,C06,2,29.76,53.61
SALE20250359,2025-07-15,P03,C04,12,76.90,822.69
SALE20250360,2025-01-22,P05,C02,9,32.38,272.35
SALE20250361,2025-06-23,P04,C02,3,68.46,197.27
SALE20250362,2025-03-14,P03,C01,11,71.25,739.79
SALE20250363,2025-05-24,P06,C03,14,30.87,398.42
SALE20250364,2025-11-10,P03,C05,11,71.52,803.54
SALE20250365,2025-09-09,P02,C05,15,50.66,717.13
SALE20250366,2025-04-28,P02,C01,16,53.58,799.72
SALE20250367,2025-08-12,P01,C04,2,52.43,98.81
SALE20250368,2025-10-15,P04,C04,16,69.75,1007.37
SALE20250369,2025-03-17,P01,C03,3,48.91,141.08
SALE20250370,2025-03-28,P06,C05,9,30.24,271.14
SALE20250371,2025-04-19,P05,C01,17,31.37,580.20
SALE20250372,2025-02-09,P02,C04,4,50.01,226.27
SALE20250373,2025-12-15,P06,C01,13,31.03,376.97
SALE20250374,2025-02-24,P03,C02,1,76.45,67.80
SALE20250375,2025-12-04,P04,C04,9,64.88,625.82
SALE20250376,2025-01-23,P06,C05,15,30.44,430.62
SALE20250377,2025-10-19,P02,C02,2,51.36,111.33
SALE20250378,2025-01-29,P06,C01,18,29.40,583.90
SALE20250379,2025-07-24,P03,C02,8,76.70,647.06
SALE20250380,2025-02-15,P01,C02,6,49.50,293.25
SALE20250381,2025-11-28,P06,C02,4,30.65,114.21
SALE20250382,2025-06-08,P06,C05,5,28.55,144.56
SALE20250383,2025-07-08,P05,C02,16,32.04,512.74
SALE20250384,2025-05-18,P05,C05,14,32.15,416.42
SALE20250385,2025-07-08,P05,C02,14,31.08,465.46
SALE20250386,2025-09-20,P03,C04,8,75.58,609.48
SALE20250387,2025-09-11,P05,C06,17,32.30,504.97
SALE20250388,2025-02-10,P04,C03,5,69.51,374.30
SALE20250389,2025-06-03,P02,C05,14,50.13,704.94
SALE20250390,2025-02-09,P01,C05,4,49.56,200.39
SALE20250391,2025-08-26,P06,C06,19,29.32,600.61
SALE20250392,2025-10-27,P01,C05,1,50.80,46.13
SALE20250393,2025-04-02,P02,C04,2,54.48,96.25
SALE20250394,2025-06-02,P03,C05,15,73.63,1167.13
SALE20250395,2025-05-16,P03,C02,7,75.83,485.38
SALE20250396,2025-11-06,P03,C06,4,70.43,292.08
SALE20250397,2025-07-22,P01,C01,6,49.79,309.29
SALE20250398,2025-07-27,P06,C06,20,29.16,621.88
SALE20250399,2025-11-12,P03,C06,13,70.95,1020.61
SALE20250400,2025-03-11,P01,C02,4,50.97,212.60
SALE20250401,2025-04-07,P01,C02,16,50.74,823.61
SALE20250402,2025-08-12,P06,C05,7,30.55,191.01
SALE20250403,2025-03-17,P04,C04,1,71.00,63.01
SALE20250404,2025-12-26,P04,C04,16,67.91,987.09
SALE20250405,2025-05-05,P02,C03,19,51.93,1063.23
SALE20250406,2025-06-20,P01,C01,14,51.73,766.97
SALE20250407,2025-10-24,P05,C06,18,30.90,641.41
SALE20250408,2025-07-24,P04,C05,19,71.22,1355.00
SALE20250409,2025-09-07,P02,C06,2,52.09,105.59
SALE20250410,2025-06-11,P05,C01,9,32.13,314.51
SALE20250411,2025-08-31,P01,C04,20,49.22,1087.58
SALE20250412,2025-12-24,P04,C01,6,66.15,392.14
SALE20250413,2025-06-26,P04,C02,17,71.04,1095.21
SALE20250414,2025-06-23,P05,C06,15,31.73,450.15
SALE20250415,2025-12-31,P04,C04,12,70.30,867.48
SALE20250416,2025-03-24,P05,C02,10,31.06,336.36
SALE20250417,2025-09-05,P02,C02,7,52.46,342.24
SALE20250418,2025-08-01,P04,C03,8,65.16,514.27
SALE20250419,2025-01-10,P03,C03,12,71.59,919.42
SALE20250420,2025-09-15,P01,C01,11,50.58,542.26
SALE20250421,2025-03-03,P05,C02,16,31.88,493.29
SALE20250422,2025-07-01,P01,C05,9,51.76,485.57
SALE20250423,2025-09-21,P05,C06,4,33.78,134.95
SALE20250424,2025-08-13,P04,C01,4,69.00,288.38
SALE20250425,2025-02-22,P05,C01,17,32.82,507.33
SALE20250426,2025-04-16,P03,C02,10,75.94,770.81
SALE20250427,2025-09-13,P06,C01,5,29.26,153.13
SALE20250428,2025-03-12,P01,C02,15,51.34,820.28
SALE20250429,2025-01-04,P02,C04,11,50.77,552.87
SALE20250430,2025-05-17,P03,C06,14,75.22,1007.13
SALE20250431,2025-03-19,P05,C04,8,32.17,240.43
SALE20250432,2025-07-29,P04,C05,12,67.86,891.68
SALE20250433,2025-01-06,P06,C05,3,29.20,81.84
SALE20250434,2025-03-26,P04,C01,13,69.34,933.24
SALE20250435,2025-11-25,P02,C05,2,55.02,115.03
SALE20250436,2025-12-05,P05,C03,14,32.99,444.71
SALE20250437,2025-10-11,P03,C06,11,70.36,880.62
SALE20250438,2025-05-24,P05,C05,5,32.23,168.49
SALE20250439,2025-04-16,P05,C05,20,33.04,667.70
SALE20250440,2025-11-29,P04,C02,10,68.51,625.75
SALE20250441,2025-07-19,P06,C06,5,29.87,149.36
SALE20250442,2025-04-20,P01,C05,18,49.19,866.03
SALE20250443,2025-11-22,P02,C01,1,52.71,56.60
SALE20250444,2025-05-13,P02,C03,14,50.45,806.58
SALE20250445,2025-01-31,P03,C03,17,70.65,1221.39
SALE20250446,2025-11-30,P01,C04,10,47.52,507.14
SALE20250447,2025-06-23,P02,C06,19,54.57,1010.59
SALE20250448,2025-11-18,P06,C05,20,29.15,563.33
SALE20250449,2025-12-08,P06,C05,5,29.81,155.13
SALE20250450,2025-05-07,P01,C03,17,51.60,863.83
SALE20250451,2025-07-04,P04,C01,5,70.49,355.69
SALE20250452,2025-02-11,P01,C01,14,49.87,754.24
SALE20250453,2025-08-17,P01,C03,17,50.28,833.30
SALE20250454,2025-07-22,P03,C05,16,77.67,1216.31
SALE20250455,2025-12-19,P04,C06,14,65.82,1017.38
SALE20250456,2025-03-07,P04,C06,15,69.65,947.87
SALE20250457,2025-09-28,P01,C06,7,47.65,346.81
SALE20250458,2025-03-22,P05,C03,4,32.10,132.23
SALE20250459,2025-03-03,P03,C05,10,71.43,671.96
SALE20250460,2025-07-10,P03,C03,10,70.51,709.51
SALE20250461,2025-03-15,P02,C05,14,54.57,668.65
SALE20250462,2025-05-26,P02,C02,16,52.75,756.35
SALE20250463,2025-02-04,P01,C04,16,50.32,811.53
SALE20250464,2025-06-22,P04,C04,20,65.78,1264.76
SALE20250465,2025-11-22,P04,C04,15,69.81,951.88
SALE20250466,2025-02-15,P05,C06,20,31.53,636.29
SALE20250467,2025-07-22,P03,C05,2,76.89,161.56
SALE20250468,2025-05-23,P06,C01,6,29.96,185.90
SALE20250469,2025-12-29,P03,C05,4,70.93,304.52
SALE20250470,2025-11-13,P05,C05,2,32.47,70.73
SALE20250471,2025-09-01,P05,C01,4,32.50,133.70
SALE20250472,2025-01-10,P03,C02,8,76.51,631.04
SALE20250473,2025-10-24,P04,C01,18,67.58,1254.75
SALE20250474,2025-01-24,P04,C01,11,67.67,741.29
SALE20250475,2025-09-28,P03,C04,9,77.55,611.52
SALE20250476,2025-10-05,P02,C03,5,53.91,245.84
SALE20250477,2025-03-20,P03,C04,6,77.41,404.83
SALE20250478,2025-04-03,P01,C06,2,47.98,95.94
SALE20250479,2025-03-14,P04,C03,9,70.49,598.96
SALE20250480,2025-03-03,P01,C02,8,50.42,420.09
SALE20250481,2025-09-10,P05,C05,13,31.65,459.05
SALE20250482,2025-06-12,P04,C05,14,65.03,872.46
SALE20250483,2025-11-21,P02,C01,9,52.95,477.61
SALE20250484,2025-02-21,P02,C05,5,52.01,252.24
SALE20250485,2025-02-12,P06,C05,7,28.69,220.03
SALE20250486,2025-10-04,P02,C02,18,54.92,1030.54
SALE20250487,2025-10-12,P04,C01,1,71.40,72.52
SALE20250488,2025-11-14,P03,C06,6,77.21,399.65
SALE20250489,2025-09-04,P03,C05,9,73.11,711.22
SALE20250490,2025-06-29,P06,C02,19,29.10,603.76
SALE20250491,2025-03-24,P06,C05,19,28.53,516.63
SALE20250492,2025-12-24,P01,C02,18,51.88,989.59
SALE20250493,2025-04-18,P05,C05,11,33.84,383.77
SALE20250494,2025-11-22,P03,C06,15,75.20,1059.61
SALE20250495,2025-06-14,P03,C02,15,72.73,1211.90
SALE20250496,2025-12-21,P02,C06,1,49.90,53.64
SALE20250497,2025-01-05,P06,C02,14,30.33,421.15
SALE20250498,2025-09-08,P04,C05,3,69.27,216.52
SALE20250499,2025-02-09,P05,C01,15,31.92,502.74
SALE20250500,2025-07-12,P05,C03,13,33.27,394.01
SALE20250501,2025-12-23,P01,C01,15,48.46,730.43
SALE20250502,2025-01-05,P02,C06,1,53.45,55.21
SALE20250503,2025-12-30,P03,C02,3,74.93,236.04
SALE20250504,2025-04-24,P02,C04,12,52.46,571.64
SALE20250505,2025-12-27,P06,C05,7,31.19,187.72
SALE20250506,2025-11-23,P04,C01,9,68.21,622.74
SALE20250507,2025-10-10,P02,C06,19,53.04,1031.85
SALE20250508,2025-03-31,P01,C05,5,48.13,262.25
SALE20250509,2025-10-19,P02,C05,9,53.43,443.38
SALE20250510,2025-12-21,P06,C05,20,29.93,565.60
SALE20250511,2025-08-21,P01,C04,2,49.11,107.06
SALE20250512,2025-07-28,P03,C01,17,72.97,1249.59
SALE20250513,2025-01-23,P06,C02,2,29.51,56.86
SALE20250514,2025-08-18,P03,C01,13,70.91,903.24
SALE20250515,2025-10-20,P01,C06,8,49.61,438.16
SALE20250516,2025-02-08,P02,C02,6,50.20,304.24
SALE20250517,2025-11-17,P01,C01,16,47.61,788.95
SALE20250518,2025-11-17,P03,C03,8,72.06,545.57
SALE20250519,2025-06-24,P01,C03,17,52.21,899.82
SALE20250520,2025-11-04,P05,C04,4,32.66,132.85
SALE20250521,2025-02-13,P01,C01,13,51.73,625.60
SALE20250522,2025-02-03,P02,C01,15,53.08,717.38
SALE20250523,2025-08-10,P01,C01,2,48.96,101.16
SALE20250524,2025-07-15,P04,C01,20,66.43,1433.79
SALE20250525,2025-11-03,P06,C05,1,29.64,29.47
SALE20250526,2025-08-08,P05,C05,4,33.82,125.44
SALE20250527,2025-01-14,P04,C05,11,65.57,763.94
SALE20250528,2025-01-07,P05,C06,3,33.50,99.01
SALE20250529,2025-10-21,P02,C06,17,52.09,849.00
SALE20250530,2025-11-14,P04,C02,8,65.14,506.43
SALE20250531,2025-03-07,P03,C05,14,75.12,1038.72
SALE20250532,2025-07-03,P03,C05,18,71.39,1405.39
SALE20250533,2025-06-08,P05,C03,10,30.81,315.50
SALE20250534,2025-10-28,P06,C06,5,29.77,135.58
SALE20250535,2025-10-14,P01,C04,12,48.49,563.34
SALE20250536,2025-04-14,P01,C03,7,50.96,361.68
SALE20250537,2025-08-28,P05,C06,11,32.61,381.49
SALE20250538,2025-06-21,P05,C03,14,31.12,438.05
SALE20250539,2025-01-22,P04,C02,1,69.57,70.14
SALE20250540,2025-08-27,P05,C02,8,33.27,258.20
SALE20250541,2025-06-19,P06,C04,7,30.72,204.10
SALE20250542,2025-01-04,P03,C01,3,74.40,215.69
SALE20250543,2025-03-14,P03,C04,7,77.05,531.61
SALE20250544,2025-07-04,P01,C01,7,48.36,328.78
SALE20250545,2025-05-15,P06,C02,11,28.99,350.00
SALE20250546,2025-04-11,P01,C02,9,47.60,486.86
SALE20250547,2025-12-13,P02,C04,4,50.98,203.21
SALE20250548,2025-08-22,P02,C03,12,54.82,650.27
SALE20250549,2025-11-16,P04,C06,3,70.86,189.13
SALE20250550,2025-03-08,P02,C02,18,51.84,921.98
SALE20250551,2025-11-03,P04,C06,8,70.05,591.97
SALE20250552,2025-10-28,P02,C05,10,51.60,555.41
SALE20250553,2025-01-28,P06,C03,5,31.14,159.21
SALE20250554,2025-09-08,P02,C06,3,54.03,166.47
SALE20250555,2025-11-11,P01,C02,17,51.90,830.81
SALE20250556,2025-09-18,P03,C04,17,72.68,1249.01
SALE20250557,2025-07-11,P05,C06,16,32.38,540.76
SALE20250558,2025-05-18,P05,C04,19,31.45,634.04
SALE20250559,2025-04-14,P04,C02,13,67.74,837.31
SALE20250560,2025-07-13,P05,C02,12,31.05,369.71
SALE20250561,2025-02-13,P03,C04,17,74.62,1220.66
SALE20250562,2025-08-27,P05,C05,11,32.29,351.13
SALE20250563,2025-07-29,P03,C04,11,70.48,777.05
SALE20250564,2025-08-15,P02,C03,3,50.31,153.06
SALE20250565,2025-09-14,P05,C05,3,33.78,102.76
SALE20250566,2025-02-20,P01,C01,12,48.49,544.48
SALE20250567,2025-04-11,P06,C03,9,30.69,257.19
SALE20250568,2025-12-16,P03,C02,20,77.69,1627.41
SALE20250569,2025-10-06,P03,C01,10,72.87,707.71
SALE20250570,2025-07-26,P04,C05,1,68.34,67.87
SALE20250571,2025-03-18,P04,C02,8,66.27,570.39
SALE20250572,2025-04-30,P05,C05,18,33.12,613.25
SALE20250573,2025-08-25,P03,C01,11,73.47,870.30
SALE20250574,2025-12-24,P04,C02,15,68.65,1013.51
SALE20250575,2025-07-11,P02,C05,5,53.75,252.29
SALE20250576,2025-09-13,P06,C03,11,29.53,309.28
SALE20250577,2025-07-26,P06,C05,10,28.33,287.15
SALE20250578,2025-01-17,P02,C02,11,54.07,585.38
SALE20250579,2025-11-08,P05,C04,13,32.05,396.28
SALE20250580,2025-10-01,P04,C02,16,68.72,1006.53
SALE20250581,2025-08-20,P06,C03,3,30.27,83.38
SALE20250582,2025-04-01,P01,C06,20,48.42,997.52
SALE20250583,2025-02-05,P04,C03,7,69.34,452.24
SALE20250584,2025-02-05,P04,C01,12,66.01,822.04
SALE20250585,2025-07-30,P04,C02,4,67.69,252.75
SALE20250586,2025-02-05,P04,C02,5,66.95,366.53
SALE20250587,2025-12-30,P06,C04,6,31.06,182.20
SALE20250588,2025-10-28,P02,C05,15,49.91,752.13
SALE20250589,2025-03-15,P04,C01,13,66.52,905.86
SALE20250590,2025-06-18,P05,C04,15,30.91,482.37
SALE20250591,2025-02-16,P03,C06,15,76.54,1075.99
SALE20250592,2025-06-02,P04,C05,6,66.06,402.54
SALE20250593,2025-11-13,P06,C04,15,30.22,435.96
SALE20250594,2025-12-24,P05,C01,13,30.92,437.93
SALE20250595,2025-03-22,P03,C06,18,77.08,1276.56
SALE20250596,2025-12-24,P06,C06,7,29.49,225.27
SALE20250597,2025-10-11,P01,C03,3,50.01,157.63
SALE20250598,2025-06-16,P04,C04,6,68.29,389.25
SALE20250599,2025-08-25,P01,C01,15,51.22,732.03
SALE20250600,2025-04-10,P04,C01,1,69.68,64.85
SALE20250601,2025-03-11,P03,C06,15,70.80,1106.62
SALE20250602,2025-10-08,P06,C02,15,30.70,414.14
SALE20250603,2025-03-24,P02,C01,20,51.42,966.11
SALE20250604,2025-10-01,P06,C04,6,30.53,163.42
SALE20250605,2025-12-13,P03,C02,15,71.90,1078.50
SALE20250606,2025-01-18,P06,C05,7,28.40,205.84
SALE20250607,2025-11-22,P05,C06,4,31.78,126.76
SALE20250608,2025-01-27,P05,C01,2,33.27,68.33
SALE20250609,2025-05-08,P03,C02,7,73.42,475.67
SALE20250610,2025-01-08,P03,C02,3,76.83,209.59
SALE20250611,2025-12-07,P02,C06,6,52.57,286.27
SALE20250612,2025-06-17,P03,C05,7,77.21,530.92
SALE20250613,2025-07-22,P04,C01,8,67.27,514.74
SALE20250614,2025-03-30,P01,C04,11,48.55,496.22
SALE20250615,2025-04-23,P01,C06,9,49.34,463.40
SALE20250616,2025-02-04,P02,C04,10,52.50,553.09
SALE20250617,2025-02-22,P06,C05,19,31.12,528.11
SALE20250618,2025-11-04,P03,C06,13,77.50,996.23
SALE20250619,2025-12-22,P02,C03,6,54.52,323.53
SALE20250620,2025-06-12,P06,C04,3,30.07,86.31
SALE20250621,2025-10-27,P04,C04,17,66.42,1192.87
SALE20250622,2025-10-28,P06,C01,8,30.52,215.21
SALE20250623,2025-03-05,P03,C02,14,74.89,1089.30
SALE20250624,2025-01-31,P02,C03,16,50.67,805.83
SALE20250625,2025-04-15,P06,C01,8,30.04,258.15
SALE20250626,2025-08-16,P06,C03,5,30.18,142.15
SALE20250627,2025-01-21,P05,C04,10,31.52,340.24
SALE20250628,2025-06-19,P03,C02,7,77.01,522.07
SALE20250629,2025-12-07,P02,C06,8,51.88,429.08
SALE20250630,2025-06-14,P02,C04,1,52.46,47.93
SALE20250631,2025-04-09,P01,C06,5,48.12,271.86
SALE20250632,2025-03-30,P05,C05,7,31.03,214.84
SALE20250633,2025-08-28,P03,C02,7,71.61,491.57
SALE20250634,2025-05-08,P03,C03,19,75.00,1391.45
SALE20250635,2025-05-20,P04,C01,12,65.98,802.33
SALE20250636,2025-08-14,P04,C05,20,70.03,1429.14
SALE20250637,2025-09-04,P01,C04,14,51.28,749.42
SALE20250638,2025-06-03,P05,C05,5,31.35,163.71
SALE20250639,2025-07-14,P04,C03,15,68.67,979.37
SALE20250640,2025-09-04,P01,C03,5,48.47,260.69
SALE20250641,2025-04-08,P01,C01,17,49.36,888.98
SALE20250642,2025-07-27,P04,C04,12,66.94,800.01
SALE20250643,2025-10-29,P01,C04,2,48.11,109.83
SALE20250644,2025-10-17,P02,C02,14,53.92,802.19
SALE20250645,2025-06-28,P05,C06,16,31.97,532.39
SALE20250646,2025-01-30,P06,C04,14,28.98,436.13
SALE20250647,2025-01-18,P03,C06,1,75.08,76.92
SALE20250648,2025-05-14,P05,C04,5,32.73,154.04
SALE20250649,2025-12-06,P02,C01,4,53.26,221.38
SALE20250650,2025-07-16,P04,C06,19,65.39,1419.72
SALE20250651,2025-04-07,P04,C02,14,66.90,908.27
SALE20250652,2025-09-30,P06,C04,19,29.49,543.54
SALE20250653,2025-02-15,P01,C06,19,49.21,1002.37
SALE20250654,2025-03-15,P03,C06,7,73.24,562.55
SALE20250655,2025-06-07,P01,C02,16,47.84,720.11
SALE20250656,2025-12-23,P04,C05,14,69.84,985.03
SALE20250657,2025-03-29,P02,C03,6,50.91,327.85
SALE20250658,2025-04-04,P05,C01,15,31.47,492.52
SALE20250659,2025-04-13,P01,C06,6,48.45,318.49
SALE20250660,2025-07-29,P04,C06,20,69.18,1258.31
SALE20250661,2025-02-10,P03,C01,13,70.78,889.79
SALE20250662,2025-01-16,P05,C02,16,33.24,516.86
SALE20250663,2025-01-05,P01,C03,1,51.44,51.64
SALE20250664,2025-01-22,P01,C02,17,49.37,899.42
SALE20250665,2025-09-24,P03,C04,16,74.77,1244.84
SALE20250666,2025-06-22,P03,C06,11,76.34,895.31
SALE20250667,2025-07-04,P06,C04,13,31.16,395.32
SALE20250668,2025-06-19,P01,C01,15,49.50,805.42
SALE20250669,2025-03-13,P01,C05,4,48.89,214.72
SALE20250670,2025-12-25,P02,C03,15,53.33,806.14
SALE20250671,2025-09-01,P05,C04,7,32.85,204.26
SALE20250672,2025-06-14,P01,C06,12,52.34,644.68
SALE20250673,2025-06-16,P06,C04,8,29.45,243.08
SALE20250674,2025-11-10,P01,C03,14,52.20,761.32
SALE20250675,2025-09-01,P06,C06,4,29.14,124.58
SALE20250676,2025-04-10,P06,C02,17,30.60,543.81
SALE20250677,2025-09-16,P01,C02,16,49.00,847.32
SALE20250678,2025-12-11,P05,C04,6,33.87,209.81
SALE20250679,2025-09-04,P06,C05,8,28.77,225.78
SALE20250680,2025-12-04,P06,C01,4,30.39,117.45
SALE20250681,2025-03-24,P03,C04,9,72.21,628.75
SALE20250682,2025-09-01,P06,C01,5,30.15,161.33
SALE20250683,2025-09-09,P01,C06,11,52.15,590.80
SALE20250684,2025-11-04,P01,C06,11,51.08,536.36
SALE20250685,2025-07-15,P06,C06,18,29.56,585.44
SALE20250686,2025-04-30,P02,C03,4,50.46,201.22
SALE20250687,2025-06-24,P06,C05,7,28.61,218.44
SALE20250688,2025-07-08,P02,C03,13,49.88,693.00
SALE20250689,2025-02-01,P05,C05,7,33.95,242.55
SALE20250690,2025-06-13,P03,C06,5,74.75,371.46
SALE20250691,2025-04-24,P01,C04,1,49.79,50.37
SALE20250692,2025-03-16,P03,C02,16,71.39,1226.62
SALE20250693,2025-05-26,P02,C06,2,51.50,107.08
SALE20250694,2025-12-19,P01,C03,19,51.63,945.68
SALE20250695,2025-09-11,P03,C06,13,76.30,877.12
SALE20250696,2025-03-20,P06,C02,8,28.42,247.54
SALE20250697,2025-04-02,P04,C06,13,70.40,851.60
SALE20250698,2025-03-23,P01,C05,13,50.88,628.74
SALE20250699,2025-06-28,P04,C04,3,66.77,205.89
SALE20250700,2025-12-23,P02,C06,18,50.56,924.92
SALE20250701,2025-10-25,P01,C06,10,48.31,495.65
SALE20250702,2025-03-12,P04,C06,16,65.83,1046.37
SALE20250703,2025-04-22,P06,C02,1,30.81,28.93
SALE20250704,2025-02-22,P06,C02,13,29.53,421.59
SALE20250705,2025-03-28,P01,C01,12,48.39,656.77
SALE20250706,2025-01-27,P01,C05,11,52.34,560.16
SALE20250707,2025-11-18,P06,C04,8,28.98,215.82
SALE20250708,2025-09-08,P03,C06,20,75.13,1614.55
SALE20250709,2025-07-12,P06,C06,3,30.84,94.21
SALE20250710,2025-11-29,P04,C03,15,65.66,996.58
SALE20250711,2025-02-12,P01,C04,17,50.42,803.08
SALE20250712,2025-10-21,P04,C03,4,66.07,289.07
SALE20250713,2025-09-05,P06,C06,14,28.64,399.70
SALE20250714,2025-06-16,P01,C06,18,51.55,843.11
SALE20250715,2025-01-11,P04,C05,18,68.46,1298.15
SALE20250716,2025-02-02,P05,C05,18,33.34,608.13
SALE20250717,2025-03-05,P02,C06,4,53.02,196.59
SALE20250718,2025-04-03,P01,C05,15,48.11,794.92
SALE20250719,2025-03-07,P05,C02,6,31.61,178.37
SALE20250720,2025-01-18,P01,C01,17,52.32,815.60
SALE20250721,2025-03-29,P04,C06,1,65.15,64.81
SALE20250722,2025-09-23,P03,C06,18,74.57,1317.33
SALE20250723,2025-12-22,P03,C05,12,74.08,906.86
SALE20250724,2025-12-19,P01,C06,2,48.43,94.72
SALE20250725,2025-06-03,P02,C02,20,52.98,1060.93
SALE20250726,2025-05-23,P02,C06,20,52.76,1033.62
SALE20250727,2025-05-14,P04,C06,6,65.41,401.31
SALE20250728,2025-05-11,P06,C04,5,28.47,149.82
SALE20250729,2025-05-18,P06,C06,7,29.94,217.18
SALE20250730,2025-11-28,P05,C05,6,31.28,191.28
SALE20250731,2025-08-11,P04,C01,20,66.68,1296.07
SALE20250732,2025-09-30,P01,C06,18,49.14,883.04
SALE20250733,2025-02-15,P03,C03,9,76.21,618.89
SALE20250734,2025-05-21,P01,C01,13,48.60,712.19
SALE20250735,2025-02-23,P01,C02,17,49.02,888.64
SALE20250736,2025-09-08,P01,C05,12,51.82,623.93
SALE20250737,2025-10-10,P03,C05,4,71.56,319.48
SALE20250738,2025-07-19,P02,C03,18,54.51,954.77
SALE20250739,2025-07-26,P04,C05,5,69.52,324.81
SALE20250740,2025-03-21,P06,C02,5,30.45,145.14
SALE20250741,2025-01-28,P06,C06,12,29.00,371.82
SALE20250742,2025-11-08,P04,C06,15,71.57,958.87
SALE20250743,2025-08-28,P05,C03,9,32.47,318.00
SALE20250744,2025-04-28,P03,C06,3,73.31,241.87
SALE20250745,2025-06-10,P01,C06,3,48.69,137.27
SALE20250746,2025-02-17,P02,C05,2,51.38,96.28
SALE20250747,2025-09-10,P01,C04,17,48.17,923.33
SALE20250748,2025-09-12,P05,C06,18,32.09,606.28
SALE20250749,2025-11-12,P02,C06,1,53.56,54.75
SALE20250750,2025-06-26,P02,C06,17,50.10,925.36
SALE20250751,2025-08-18,P02,C06,17,50.79,964.58
SALE20250752,2025-07-07,P02,C05,12,52.09,687.01
SALE20250753,2025-07-14,P02,C03,4,53.44,203.19
SALE20250754,2025-10-04,P01,C03,10,48.81,498.21
SALE20250755,2025-01-02,P06,C06,19,31.01,553.22
SALE20250756,2025-11-26,P05,C01,15,33.53,524.15
SALE20250757,2025-01-30,P03,C01,20,72.51,1468.26
SALE20250758,2025-02-24,P01,C03,6,47.53,294.07
SALE20250759,2025-08-09,P04,C02,3,70.97,205.94
SALE20250760,2025-07-30,P01,C04,1,50.77,46.55
SALE20250761,2025-04-26,P04,C04,12,67.76,786.12
SALE20250762,2025-04-04,P05,C03,4,32.91,142.28
SALE20250763,2025-08-13,P02,C02,12,49.91,661.13
SALE20250764,2025-12-30,P02,C01,7,50.58,351.69
SALE20250765,2025-08-04,P06,C03,2,28.85,55.46
SALE20250766,2025-09-03,P06,C03,4,29.90,117.12
SALE20250767,2025-12-16,P06,C02,11,30.58,343.68
SALE20250768,2025-07-24,P05,C06,13,33.88,390.15
SALE20250769,2025-01-11,P02,C02,12,53.90,630.00
SALE20250770,2025-05-02,P01,C06,11,50.48,542.15
SALE20250771,2025-01-05,P04,C04,10,65.40,652.77
SALE20250772,2025-08-08,P02,C05,5,50.86,274.54
SALE20250773,2025-05-24,P01,C03,8,49.64,413.22
SALE20250774,2025-08-31,P06,C01,17,28.82,516.99
SALE20250775,2025-10-30,P06,C06,5,28.66,140.70
SALE20250776,2025-01-20,P03,C02,5,74.86,364.55
SALE20250777,2025-02-16,P01,C04,14,50.99,703.36
SALE20250778,2025-04-29,P02,C03,14,52.55,731.94
SALE20250779,2025-11-26,P01,C03,4,48.89,190.73
SALE20250780,2025-06-29,P06,C04,8,28.40,229.42
SALE20250781,2025-01-21,P01,C01,11,49.85,518.21
SALE20250782,2025-11-07,P01,C04,6,49.95,285.08
SALE20250783,2025-06-21,P03,C01,4,75.35,306.00
SALE20250784,2025-03-08,P03,C03,12,74.66,931.14
SALE20250785,2025-11-06,P03,C02,9,73.14,627.38
SALE20250786,2025-02-24,P02,C06,20,52.95,970.27
SALE20250787,2025-12-02,P02,C02,15,50.27,854.52
SALE20250788,2025-10-07,P05,C03,10,33.99,338.60
SALE20250789,2025-04-14,P05,C06,5,31.40,147.22
SALE20250790,2025-10-09,P06,C03,18,30.92,586.39
SALE20250791,2025-08-18,P06,C06,4,28.46,128.78
SALE20250792,2025-08-03,P05,C05,1,31.67,30.24
SALE20250793,2025-03-08,P03,C01,19,77.50,1282.50
SALE20250794,2025-04-08,P06,C04,16,30.85,493.58
SALE20250795,2025-02-08,P02,C04,17,53.97,871.82
SALE20250796,2025-07-25,P05,C03,7,31.30,212.47
SALE20250797,2025-04-22,P05,C06,1,33.34,34.86
SALE20250798,2025-08-22,P05,C06,17,33.54,524.23
SALE20250799,2025-06-01,P06,C03,18,28.93,494.71
SALE20250800,2025-10-01,P02,C03,2,54.82,107.93
SALE20250801,2025-05-23,P02,C03,2,51.18,107.99
SALE20250802,2025-04-18,P05,C01,1,32.83,33.36
SALE20250803,2025-07-08,P03,C01,18,71.29,1269.14
SALE20250804,2025-11-10,P03,C03,2,70.38,151.73
SALE20250805,2025-07-02,P02,C06,9,54.98,441.95
SALE20250806,2025-10-03,P06,C05,4,30.31,124.30
SALE20250807,2025-12-01,P03,C06,20,76.34,1495.06
SALE20250808,2025-04-23,P03,C03,7,76.28,526.46
SALE20250809,2025-07-22,P02,C04,8,52.15,439.30
SALE20250810,2025-03-17,P04,C01,16,66.10,1022.44
SALE20250811,2025-04-01,P02,C05,16,50.82,914.48
SALE20250812,2025-05-25,P01,C03,6,51.58,323.05
SALE20250813,2025-12-18,P05,C02,3,32.16,90.27
SALE20250814,2025-08-21,P06,C04,4,28.67,124.34
SALE20250815,2025-01-07,P05,C01,13,31.14,411.43
SALE20250816,2025-01-07,P06,C01,5,28.51,141.26
SALE20250817,2025-03-15,P06,C05,1,28.29,31.49
SALE20250818,2025-02-24,P05,C06,11,31.06,381.54
SALE20250819,2025-03-13,P04,C05,15,66.94,1088.34
SALE20250820,2025-09-03,P02,C02,2,51.28,105.91
SALE20250821,2025-10-06,P01,C01,2,48.97,92.04
SALE20250822,2025-09-19,P04,C02,1,65.00,73.88
SALE20250823,2025-08-07,P04,C02,12,66.38,844.45
SALE20250824,2025-12-17,P04,C06,4,71.60,272.55
SALE20250825,2025-04-25,P01,C03,12,49.16,549.04
SALE20250826,2025-07-04,P01,C01,20,49.63,930.03
SALE20250827,2025-06-21,P05,C02,14,32.94,421.87
SALE20250828,2025-06-04,P05,C03,12,31.66,417.99
SALE20250829,2025-09-13,P06,C03,9,30.38,284.39
SALE20250830,2025-02-09,P01,C02,5,49.44,240.96
SALE20250831,2025-09-02,P01,C01,19,51.12,936.03
SALE20250832,2025-03-16,P01,C03,5,49.42,234.05
SALE20250833,2025-06-13,P04,C04,16,67.66,1134.24
SALE20250834,2025-11-22,P03,C02,8,74.37,578.17
SALE20250835,2025-10-03,P05,C04,18,31.53,587.42
SALE20250836,2025-02-12,P05,C06,14,33.30,456.04
SALE20250837,2025-04-23,P06,C01,8,28.87,231.42
SALE20250838,2025-01-09,P03,C05,16,77.11,1292.36
SALE20250839,2025-01-31,P03,C03,5,71.37,354.81
SALE20250840,2025-10-10,P04,C02,7,65.22,509.07
SALE20250841,2025-03-12,P01,C06,5,47.62,243.82
SALE20250842,2025-08-06,P03,C01,4,70.85,305.63
SALE20250843,2025-11-01,P02,C01,5,50.29,255.43
SALE20250844,2025-02-09,P01,C05,14,48.40,650.83
SALE20250845,2025-03-13,P06,C05,10,30.41,295.73
SALE20250846,2025-08-16,P06,C06,1,28.73,28.48
SALE20250847,2025-11-25,P01,C05,6,47.54,300.14
SALE20250848,2025-08-05,P06,C04,18,29.03,558.14
SALE20250849,2025-10-20,P05,C03,8,31.29,255.24
SALE20250850,2025-02-17,P05,C04,5,32.08,169.88
SALE20250851,2025-01-29,P02,C04,6,55.00,335.32
SALE20250852,2025-11-06,P01,C06,15,50.75,746.46
SALE20250853,2025-07-27,P04,C02,2,69.25,144.78
SALE20250854,2025-04-10,P03,C01,4,74.76,271.01
SALE20250855,2025-06-21,P01,C02,10,48.02,466.18
SALE20250856,2025-04-19,P05,C01,10,31.43,303.77
SALE20250857,2025-01-17,P02,C03,3,52.84,172.51
SALE20250858,2025-10-16,P04,C01,2,71.28,131.44
SALE20250859,2025-01-05,P03,C03,13,72.63,962.04
SALE20250860,2025-07-20,P06,C03,5,28.55,154.78
SALE20250861,2025-07-28,P06,C05,4,30.57,119.05
SALE20250862,2025-01-13,P05,C04,16,33.54,527.35
SALE20250863,2025-05-29,P02,C02,15,53.16,721.15
SALE20250864,2025-04-29,P02,C06,5,50.72,276.61
SALE20250865,2025-09-14,P05,C06,20,33.79,667.62
SALE20250866,2025-06-24,P04,C02,11,69.09,719.34
SALE20250867,2025-08-09,P01,C06,13,52.47,615.96
SALE20250868,2025-11-07,P01,C02,19,49.98,974.09
SALE20250869,2025-01-08,P02,C03,18,54.06,1014.46
SALE20250870,2025-02-14,P04,C01,15,71.21,985.61
SALE20250871,2025-03-24,P01,C03,19,47.94,923.85
SALE20250872,2025-04-02,P06,C04,9,31.17,293.78
SALE20250873,2025-08-15,P06,C02,4,29.72,130.23
SALE20250874,2025-07-06,P03,C04,14,77.09,1109.97
SALE20250875,2025-03-08,P04,C03,17,71.34,1240.27
SALE20250876,2025-07-11,P01,C06,14,48.80,700.69
SALE20250877,2025-12-16,P01,C05,2,48.71,104.80
SALE20250878,2025-10-15,P01,C02,4,48.28,191.59
SALE20250879,2025-07-24,P01,C02,13,50.84,698.50
SALE20250880,2025-06-28,P04,C04,18,68.01,1326.81
SALE20250881,2025-02-13,P02,C06,4,54.72,227.53
SALE20250882,2025-08-10,P02,C04,11,51.67,527.20
SALE20250883,2025-11-06,P04,C02,16,67.94,1007.77
SALE20250884,2025-10-07,P02,C04,5,51.56,269.86
SALE20250885,2025-01-17,P05,C04,2,31.95,70.46
SALE20250886,2025-08-09,P04,C02,2,64.99,128.62
SALE20250887,2025-12-17,P04,C03,9,65.41,630.92
SALE20250888,2025-02-05,P03,C04,3,75.57,213.05
SALE20250889,2025-08-03,P05,C02,9,30.95,273.18
SALE20250890,2025-08-08,P03,C03,6,77.27,417.24
SALE20250891,2025-09-04,P04,C05,6,67.82,447.63
SALE20250892,2025-12-21,P05,C04,1,33.68,32.79
SALE20250893,2025-04-12,P01,C06,19,49.11,971.94
SALE20250894,2025-06-12,P01,C02,15,49.99,814.91
SALE20250895,2025-06-12,P01,C06,14,51.10,666.66
SALE20250896,2025-08-19,P02,C06,15,52.91,809.38
SALE20250897,2025-01-19,P02,C06,7,52.74,361.63
SALE20250898,2025-03-27,P05,C04,7,33.87,219.91
SALE20250899,2025-12-14,P05,C01,12,30.83,413.20
SALE20250900,2025-06-07,P05,C01,16,32.26,533.84
SALE20250901,2025-07-30,P03,C03,18,77.51,1312.25
SALE20250902,2025-06-21,P01,C02,15,48.37,739.11
SALE20250903,2025-11-01,P02,C05,14,54.31,717.59
SALE20250904,2025-12-19,P06,C04,10,31.05,309.52
SALE20250905,2025-02-20,P01,C01,3,50.57,154.46
SALE20250906,2025-07-30,P01,C04,20,47.99,1085.23
SALE20250907,2025-08-16,P05,C05,2,33.54,66.97
SALE20250908,2025-04-19,P02,C04,18,50.90,922.52
SALE20250909,2025-08-29,P01,C03,15,51.59,736.79
SALE20250910,2025-12-27,P06,C04,1,30.59,32.37
SALE20250911,2025-09-17,P03,C03,9,76.98,640.35
SALE20250912,2025-08-01,P06,C02,1,29.50,32.13
SALE20250913,2025-01-08,P01,C02,12,50.08,640.76
SALE20250914,2025-11-04,P03,C03,6,77.65,484.77
SALE20250915,2025-05-04,P05,C04,7,32.05,232.07
SALE20250916,2025-01-27,P05,C04,5,32.04,176.24
SALE20250917,2025-03-30,P04,C03,17,66.41,1080.99
SALE20250918,2025-12-30,P02,C05,4,53.99,215.52
SALE20250919,2025-11-18,P03,C05,6,71.81,483.84
SALE20250920,2025-02-17,P01,C04,1,50.46,51.28
SALE20250921,2025-01-15,P05,C06,18,31.04,632.26
SALE20250922,2025-07-15,P01,C06,5,50.66,274.12
SALE20250923,2025-07-03,P02,C02,8,52.69,402.94
SALE20250924,2025-05-06,P06,C04,9,29.08,276.28
SALE20250925,2025-03-15,P06,C01,19,28.59,606.73
SALE20250926,2025-11-02,P01,C01,5,51.96,239.08
SALE20250927,2025-02-17,P01,C04,12,48.53,649.40
SALE20250928,2025-02-21,P04,C01,14,71.38,874.01
SALE20250929,2025-02-09,P02,C06,14,51.52,716.66
SALE20250930,2025-08-19,P02,C02,10,50.81,473.56
SALE20250931,2025-10-18,P06,C05,2,29.28,54.94
SALE20250932,2025-06-27,P04,C05,20,65.92,1377.69
SALE20250933,2025-05-11,P01,C02,20,47.61,905.73
SALE20250934,2025-09-20,P02,C02,12,51.01,581.46
SALE20250935,2025-06-17,P02,C02,3,54.81,164.67
SALE20250936,2025-05-18,P03,C04,7,72.88,564.95
SALE20250937,2025-10-10,P06,C03,15,29.74,468.13
SALE20250938,2025-09-20,P04,C02,9,69.53,574.07
SALE20250939,2025-05-24,P04,C01,19,68.85,1372.78
SALE20250940,2025-03-26,P02,C06,16,52.22,828.82
SALE20250941,2025-11-02,P06,C03,11,30.07,335.29
SALE20250942,2025-08-08,P02,C05,12,53.20,614.12
SALE20250943,2025-02-02,P04,C02,2,66.56,149.01
SALE20250944,2025-07-29,P03,C05,17,70.52,1220.83
SALE20250945,2025-04-03,P03,C04,6,70.84,431.37
SALE20250946,2025-12-03,P03,C03,5,71.21,390.68
SALE20250947,2025-06-13,P06,C01,11,29.95,308.52
SALE20250948,2025-06-14,P02,C05,3,53.03,153.90
SALE20250949,2025-09-27,P02,C01,18,53.07,903.05
SALE20250950,2025-12-10,P01,C05,14,49.67,725.35
SALE20250951,2025-06-13,P02,C02,2,52.49,111.36
SALE20250952,2025-05-21,P04,C01,4,68.94,270.42
SALE20250953,2025-10-30,P04,C02,19,64.96,1172.59
SALE20250954,2025-10-22,P01,C04,10,52.32,463.01
SALE20250955,2025-01-19,P05,C05,2,30.83,62.69
SALE20250956,2025-08-29,P01,C04,10,51.26,477.37
SALE20250957,2025-07-24,P01,C05,11,47.73,549.21
SALE20250958,2025-06-02,P06,C04,16,31.14,509.19
SALE20250959,2025-03-04,P03,C05,4,70.65,268.13
SALE20250960,2025-01-06,P02,C01,11,53.68,619.24
SALE20250961,2025-04-26,P02,C01,7,54.14,383.97
SALE20250962,2025-10-03,P01,C06,2,51.41,95.17
SALE20250963,2025-02-26,P01,C03,3,50.93,142.88
SALE20250964,2025-07-14,P03,C06,6,74.62,481.73
SALE20250965,2025-03-03,P02,C03,5,54.54,275.78
SALE20250966,2025-07-31,P06,C04,4,28.98,119.52
SALE20250967,2025-09-02,P06,C04,9,30.44,258.21
SALE20250968,2025-04-26,P01,C03,10,49.26,521.03
SALE20250969,2025-05-05,P06,C06,7,28.49,216.37
SALE20250970,2025-09-11,P01,C02,1,49.83,51.69
SALE20250971,2025-07-17,P02,C04,4,54.15,203.30
SALE20250972,2025-09-28,P05,C03,10,32.90,337.51
SALE20250973,2025-09-16,P01,C02,8,49.42,433.25
SALE20250974,2025-08-20,P05,C05,7,31.39,239.50
SALE20250975,2025-05-23,P04,C02,10,68.78,744.13
SALE20250976,2025-02-22,P02,C04,4,51.14,220.29
SALE20250977,2025-08-24,P02,C03,1,52.66,52.25
SALE20250978,2025-06-30,P03,C01,18,73.49,1221.20
SALE20250979,2025-03-19,P04,C05,14,65.20,957.01
SALE20250980,2025-05-20,P03,C01,2,75.72,152.40
SALE20250981,2025-08-05,P02,C03,7,52.99,360.35
SALE20250982,2025-09-29,P05,C04,17,32.99,543.48
SALE20250983,2025-11-27,P02,C01,8,54.57,387.68
SALE20250984,2025-10-22,P03,C02,3,72.34,223.43
SALE20250985,2025-11-14,P06,C06,13,28.56,378.39
SALE20250986,2025-12-21,P03,C04,7,71.81,483.92
SALE20250987,2025-11-23,P03,C06,20,70.32,1417.24
SALE20250988,2025-04-05,P05,C06,20,31.77,644.99
SALE20250989,2025-12-19,P02,C02,11,50.75,598.46
SALE20250990,2025-06-20,P04,C02,1,67.76,70.52
SALE20250991,2025-01-11,P02,C03,3,53.87,147.13
SALE20250992,2025-01-05,P05,C03,16,32.36,527.02
SALE20250993,2025-05-07,P04,C01,2,68.71,145.21
SALE20250994,2025-05-29,P02,C05,17,50.64,833.11
SALE20250995,2025-02-18,P01,C03,11,51.16,544.68
SALE20250996,2025-10-07,P03,C06,16,73.69,1125.64
SALE20250997,2025-06-30,P03,C06,11,76.03,877.72
SALE20250998,2025-11-02,P04,C01,9,69.81,637.07
SALE20250999,2025-01-11,P02,C04,8,50.62,433.39
SALE20251000,2025-09-12,P01,C02,19,52.36,995.59
